Business_ID,Business_Type,Years_in_Business,Annual_Turnover_Lakhs,Existing_Loan,Loan_Amount_Requested_Lakhs,Credit_History_Score,Location,Owner_Education,Risk_Flag
BIZ1000,Trading,12,16.32,No,37.02,586.0,Tier 3,Diploma,1
BIZ1001,Food Processing,4,25.71,Yes,30.9,736.0,Tier 3,High School,0
BIZ1002,Services,16,80.01,No,24.92,476.0,Tier 3,Postgraduate,0
BIZ1003,Food Processing,4,33.58,Yes,7.53,554.0,Tier 1,Diploma,0
BIZ1004,Food Processing,5,23.83,No,13.81,573.0,Tier 3,Diploma,0
BIZ1005,Manufacturing,5,63.42,No,21.54,542.0,Tier 2,Diploma,0
BIZ1006,Services,8,79.64,No,30.37,523.0,Tier 1,Diploma,0
BIZ1007,Services,10,67.97,No,26.17,683.0,Tier 3,High School,0
BIZ1008,Services,17,74.9,No,15.12,633.0,Tier 1,Graduate,0
BIZ1009,Food Processing,9,31.08,No,1.32,680.0,Tier 2,Diploma,0
BIZ1010,Trading,19,14.45,Yes,25.32,705.0,Tier 2,Postgraduate,1
BIZ1011,Services,14,87.53,No,15.0,671.0,Tier 1,Postgraduate,0
BIZ1012,Textiles,8,41.93,No,37.0,703.0,Tier 1,Graduate,1
BIZ1013,Food Processing,9,43.73,Yes,2.17,644.0,Tier 2,High School,1
BIZ1014,Manufacturing,11,83.2,No,29.66,555.0,Tier 1,Graduate,0
BIZ1015,Trading,1,63.91,No,47.13,735.0,Tier 2,Diploma,0
BIZ1016,Textiles,14,61.4,No,9.55,603.0,Tier 2,High School,0
BIZ1017,Textiles,5,104.13,No,24.11,575.0,Tier 3,High School,1
BIZ1018,Manufacturing,14,33.91,No,5.48,636.0,Tier 1,Diploma,0
BIZ1019,Trading,4,73.2,Yes,31.66,577.0,Tier 1,Postgraduate,1
BIZ1020,Food Processing,1,51.43,Yes,27.98,617.0,Tier 3,Diploma,0
BIZ1021,Retail,19,56.71,No,20.96,678.0,Tier 2,Graduate,1
BIZ1022,Trading,8,88.21,No,26.55,678.0,Tier 1,Diploma,1
BIZ1023,Manufacturing,15,62.7,Yes,44.93,578.0,Tier 3,Postgraduate,0
BIZ1024,Textiles,15,63.46,No,10.62,611.0,Tier 3,Diploma,0
BIZ1025,Food Processing,9,76.81,No,2.11,736.0,Tier 1,Graduate,0
BIZ1026,Trading,9,40.88,No,43.22,690.0,Tier 3,Graduate,0
BIZ1027,Retail,10,29.02,Yes,29.28,816.0,Tier 2,Postgraduate,0
BIZ1028,Retail,9,23.88,No,44.64,744.0,Tier 3,Graduate,1
BIZ1029,Services,3,5.0,No,30.25,742.0,Tier 2,Graduate,0
BIZ1030,Services,11,101.41,No,40.7,539.0,Tier 2,Diploma,1
BIZ1031,Manufacturing,6,22.42,No,22.05,711.0,Tier 1,High School,1
BIZ1032,Trading,2,44.47,No,37.74,646.0,Tier 3,Graduate,0
BIZ1033,Trading,7,43.08,No,45.74,606.0,Tier 2,Graduate,1
BIZ1034,Textiles,18,57.69,Yes,29.03,663.0,Tier 2,Postgraduate,0
BIZ1035,Textiles,2,70.39,No,9.86,726.0,Tier 3,Postgraduate,1
BIZ1036,Textiles,17,71.51,No,14.17,690.0,Tier 2,Diploma,0
BIZ1037,Services,11,35.42,No,10.73,580.0,Tier 3,Diploma,0
BIZ1038,Trading,12,45.82,Yes,13.1,709.0,Tier 1,Graduate,0
BIZ1039,Trading,19,57.06,Yes,16.01,599.0,Tier 2,High School,0
BIZ1040,Retail,7,43.78,No,28.2,667.0,Tier 2,High School,0
BIZ1041,Services,6,90.18,No,29.81,626.0,Tier 3,Diploma,0
BIZ1042,Food Processing,1,62.27,No,21.9,632.0,Tier 3,Postgraduate,0
BIZ1043,Services,17,68.37,No,31.16,711.0,Tier 3,Graduate,1
BIZ1044,Food Processing,11,66.57,No,5.0,567.0,Tier 3,Graduate,0
BIZ1045,Retail,18,79.34,No,5.3,806.0,Tier 2,High School,0
BIZ1046,Manufacturing,17,54.53,No,9.42,504.0,Tier 1,Diploma,0
BIZ1047,Trading,7,17.58,No,26.39,602.0,Tier 1,High School,1
BIZ1048,Retail,17,59.99,No,11.49,680.0,Tier 1,High School,1
BIZ1049,Trading,9,33.72,Yes,14.88,697.0,Tier 1,Diploma,0
BIZ1050,Textiles,17,36.78,No,20.62,642.0,Tier 3,Postgraduate,0
BIZ1051,Manufacturing,8,64.66,No,40.78,645.0,Tier 2,Graduate,0
BIZ1052,Manufacturing,17,80.96,Yes,1.68,683.0,Tier 2,Postgraduate,0
BIZ1053,Retail,7,50.53,Yes,32.82,632.0,Tier 2,Diploma,1
BIZ1054,Manufacturing,1,57.72,No,33.77,761.0,Tier 3,Diploma,0
BIZ1055,Food Processing,13,92.56,Yes,40.13,717.0,Tier 2,Graduate,1
BIZ1056,Manufacturing,19,56.02,Yes,46.7,720.0,Tier 3,Postgraduate,0
BIZ1057,Trading,19,115.04,No,1.99,573.0,Tier 2,Graduate,1
BIZ1058,Trading,17,64.14,No,8.54,644.0,Tier 1,High School,0
BIZ1059,Trading,13,5.98,No,44.42,626.0,Tier 3,High School,1
BIZ1060,Trading,16,68.83,Yes,23.47,570.0,Tier 2,High School,1
BIZ1061,Food Processing,8,59.53,Yes,28.66,679.0,Tier 1,Postgraduate,1
BIZ1062,Services,19,82.24,No,33.49,607.0,Tier 1,High School,0
BIZ1063,Textiles,18,66.83,No,34.27,702.0,Tier 1,Graduate,0
BIZ1064,Retail,1,46.54,No,46.66,564.0,Tier 3,Postgraduate,0
BIZ1065,Trading,14,19.39,No,49.85,788.0,Tier 3,Graduate,0
BIZ1066,Manufacturing,19,44.77,No,36.29,578.0,Tier 2,Diploma,0
BIZ1067,Trading,15,28.74,Yes,15.07,668.0,Tier 1,Postgraduate,0
BIZ1068,Manufacturing,18,35.49,No,44.11,713.0,Tier 2,Graduate,0
BIZ1069,Textiles,2,64.71,Yes,3.41,604.0,Tier 2,Graduate,0
BIZ1070,Textiles,17,91.75,No,12.32,718.0,Tier 1,Postgraduate,0
BIZ1071,Textiles,18,59.87,No,44.97,552.0,Tier 2,Diploma,0
BIZ1072,Manufacturing,6,20.1,No,13.55,766.0,Tier 3,Postgraduate,0
BIZ1073,Trading,19,61.12,Yes,11.81,651.0,Tier 2,High School,0
BIZ1074,Textiles,4,79.92,Yes,7.77,602.0,Tier 1,High School,0
BIZ1075,Food Processing,1,34.76,No,43.1,626.0,Tier 3,Diploma,0
BIZ1076,Manufacturing,8,46.65,Yes,25.5,715.0,Tier 3,Graduate,1
BIZ1077,Manufacturing,7,50.37,No,34.07,603.0,Tier 2,Graduate,1
BIZ1078,Trading,3,30.38,Yes,12.71,590.0,Tier 2,Graduate,1
BIZ1079,Manufacturing,10,66.21,No,38.14,632.0,Tier 3,Postgraduate,1
BIZ1080,Manufacturing,10,46.98,No,38.24,556.0,Tier 2,Postgraduate,0
BIZ1081,Textiles,19,60.49,No,16.32,796.0,Tier 1,Diploma,0
BIZ1082,Trading,14,27.81,No,21.12,605.0,Tier 2,High School,0
BIZ1083,Textiles,2,39.06,Yes,11.27,717.0,Tier 2,Graduate,0
BIZ1084,Textiles,1,68.06,Yes,48.85,667.0,Tier 3,High School,0
BIZ1085,Trading,18,40.68,No,32.63,571.0,Tier 2,Postgraduate,0
BIZ1086,Retail,7,93.17,No,46.79,650.0,Tier 2,Postgraduate,0
BIZ1087,Textiles,8,40.01,No,15.87,713.0,Tier 2,Postgraduate,0
BIZ1088,Food Processing,1,55.62,Yes,39.31,635.0,Tier 1,High School,1
BIZ1089,Food Processing,3,73.31,Yes,38.53,745.0,Tier 2,Diploma,0
BIZ1090,Manufacturing,8,14.54,Yes,34.89,732.0,Tier 1,Diploma,0
BIZ1091,Food Processing,15,5.98,No,48.32,724.0,Tier 1,Postgraduate,0
BIZ1092,Manufacturing,5,11.86,Yes,20.28,613.0,Tier 1,Graduate,0
BIZ1093,Retail,3,81.56,No,7.41,564.0,Tier 1,High School,0
BIZ1094,Trading,19,36.2,Yes,33.91,601.0,Tier 3,Postgraduate,1
BIZ1095,Trading,1,113.95,No,36.74,666.0,Tier 1,High School,0
BIZ1096,Trading,15,35.89,No,29.18,694.0,Tier 2,High School,0
BIZ1097,Food Processing,8,54.61,No,11.13,476.0,Tier 1,Diploma,0
BIZ1098,Retail,2,88.55,No,25.72,649.0,Tier 2,Postgraduate,0
BIZ1099,Food Processing,3,100.15,No,16.3,663.0,Tier 1,Diploma,1
BIZ1100,Food Processing,14,101.54,No,21.95,628.0,Tier 3,Postgraduate,0
BIZ1101,Retail,14,80.21,No,32.62,753.0,Tier 1,High School,0
BIZ1102,Retail,11,75.6,No,37.52,684.0,Tier 1,Diploma,1
BIZ1103,Retail,16,64.81,No,12.38,755.0,Tier 3,High School,1
BIZ1104,Retail,4,69.46,Yes,20.86,633.0,Tier 1,Postgraduate,0
BIZ1105,Trading,5,36.22,No,14.19,725.0,Tier 2,Graduate,0
BIZ1106,Services,14,29.55,Yes,10.73,781.0,Tier 1,Diploma,0
BIZ1107,Services,16,49.92,Yes,39.39,755.0,Tier 1,Diploma,0
BIZ1108,Retail,18,45.75,No,45.55,563.0,Tier 1,High School,0
BIZ1109,Services,7,38.67,No,19.14,630.0,Tier 3,High School,1
BIZ1110,Services,10,67.41,No,37.81,622.0,Tier 1,Graduate,0
BIZ1111,Retail,7,73.88,No,44.95,689.0,Tier 1,Diploma,1
BIZ1112,Services,1,52.21,No,42.46,705.0,Tier 2,Postgraduate,0
BIZ1113,Food Processing,19,86.94,No,9.96,583.0,Tier 1,Postgraduate,0
BIZ1114,Manufacturing,16,21.46,Yes,47.86,655.0,Tier 1,Diploma,0
BIZ1115,Manufacturing,19,45.16,Yes,19.46,488.0,Tier 1,Diploma,1
BIZ1116,Retail,4,32.08,No,17.62,765.0,Tier 1,Diploma,1
BIZ1117,Trading,18,5.0,Yes,4.06,609.0,Tier 2,Graduate,0
BIZ1118,Retail,2,47.93,Yes,24.82,654.0,Tier 2,Postgraduate,0
BIZ1119,Trading,1,46.96,No,6.34,625.0,Tier 3,Postgraduate,0
BIZ1120,Manufacturing,15,87.84,No,13.18,742.0,Tier 1,High School,1
BIZ1121,Retail,5,65.77,No,16.53,423.0,Tier 3,High School,1
BIZ1122,Textiles,11,24.4,No,40.63,649.0,Tier 3,Diploma,0
BIZ1123,Food Processing,10,96.35,No,43.9,642.0,Tier 1,High School,0
BIZ1124,Services,2,80.53,Yes,15.82,614.0,Tier 2,Graduate,0
BIZ1125,Trading,3,64.55,Yes,43.08,788.0,Tier 2,Postgraduate,0
BIZ1126,Textiles,12,44.34,No,43.0,579.0,Tier 1,Postgraduate,0
BIZ1127,Services,5,26.01,No,38.47,712.0,Tier 1,High School,0
BIZ1128,Services,5,40.69,No,8.19,679.0,Tier 2,Diploma,1
BIZ1129,Retail,6,77.22,Yes,34.83,751.0,Tier 1,High School,0
BIZ1130,Services,9,97.11,No,47.31,597.0,Tier 1,Diploma,1
BIZ1131,Food Processing,2,88.58,No,34.44,591.0,Tier 1,Graduate,0
BIZ1132,Textiles,12,37.78,No,17.25,738.0,Tier 2,Postgraduate,0
BIZ1133,Services,3,22.01,No,25.53,684.0,Tier 3,Graduate,0
BIZ1134,Retail,12,53.52,No,32.64,526.0,Tier 3,Postgraduate,0
BIZ1135,Food Processing,17,5.79,No,26.02,607.0,Tier 1,Graduate,0
BIZ1136,Manufacturing,10,58.08,No,6.88,681.0,Tier 2,High School,0
BIZ1137,Textiles,14,46.31,No,16.29,717.0,Tier 1,Graduate,0
BIZ1138,Services,17,38.35,No,40.32,596.0,Tier 2,Graduate,0
BIZ1139,Retail,18,10.13,No,43.21,417.0,Tier 1,High School,0
BIZ1140,Manufacturing,19,62.84,No,7.73,692.0,Tier 2,Postgraduate,0
BIZ1141,Manufacturing,17,36.68,No,47.67,552.0,Tier 2,Postgraduate,0
BIZ1142,Trading,14,20.75,Yes,17.11,489.0,Tier 3,High School,0
BIZ1143,Food Processing,9,5.0,No,33.45,423.0,Tier 1,Graduate,1
BIZ1144,Services,8,49.31,No,37.84,715.0,Tier 3,Graduate,0
BIZ1145,Retail,2,94.31,No,40.79,660.0,Tier 3,Graduate,1
BIZ1146,Trading,13,91.53,No,47.34,632.0,Tier 2,Diploma,0
BIZ1147,Food Processing,7,38.57,No,16.33,761.0,Tier 1,Postgraduate,0
BIZ1148,Trading,9,34.94,Yes,43.07,701.0,Tier 2,Graduate,0
BIZ1149,Textiles,11,61.72,No,7.45,779.0,Tier 2,Postgraduate,1
BIZ1150,Food Processing,14,25.04,No,35.55,539.0,Tier 2,Graduate,1
BIZ1151,Food Processing,4,57.54,No,37.36,647.0,Tier 1,High School,0
BIZ1152,Services,13,69.15,No,34.21,521.0,Tier 1,High School,0
BIZ1153,Food Processing,2,80.67,No,13.36,632.0,Tier 2,Postgraduate,0
BIZ1154,Trading,5,47.5,No,43.78,630.0,Tier 1,Postgraduate,0
BIZ1155,Food Processing,11,44.91,Yes,9.27,700.0,Tier 2,High School,0
BIZ1156,Services,6,28.05,No,3.63,654.0,Tier 1,Diploma,0
BIZ1157,Services,18,29.33,No,36.16,700.0,Tier 1,High School,0
BIZ1158,Textiles,10,44.34,No,24.3,706.0,Tier 3,Graduate,1
BIZ1159,Trading,4,59.18,No,42.61,822.0,Tier 2,Diploma,0
BIZ1160,Manufacturing,9,72.84,No,19.79,625.0,Tier 3,High School,0
BIZ1161,Manufacturing,6,29.92,Yes,9.25,575.0,Tier 3,Diploma,0
BIZ1162,Food Processing,2,87.32,No,41.99,670.0,Tier 2,Diploma,0
BIZ1163,Textiles,17,43.22,No,27.9,586.0,Tier 2,Diploma,0
BIZ1164,Retail,5,49.47,No,10.27,769.0,Tier 1,Postgraduate,0
BIZ1165,Food Processing,6,31.32,No,36.3,627.0,Tier 2,High School,0
BIZ1166,Textiles,12,5.0,Yes,26.04,605.0,Tier 3,Postgraduate,1
BIZ1167,Trading,10,72.1,Yes,30.61,612.0,Tier 3,Postgraduate,1
BIZ1168,Trading,6,68.42,No,23.58,707.0,Tier 2,Graduate,0
BIZ1169,Trading,8,42.97,No,41.61,637.0,Tier 3,Graduate,0
BIZ1170,Trading,2,51.67,Yes,41.65,599.0,Tier 1,Diploma,0
BIZ1171,Trading,12,62.9,No,35.76,783.0,Tier 3,Diploma,0
BIZ1172,Textiles,13,10.94,No,6.16,582.0,Tier 1,Graduate,0
BIZ1173,Textiles,7,36.77,No,42.1,653.0,Tier 3,Graduate,0
BIZ1174,Services,10,69.86,No,33.88,702.0,Tier 1,High School,0
BIZ1175,Manufacturing,13,18.64,Yes,35.15,519.0,Tier 1,Diploma,1
BIZ1176,Trading,17,57.34,Yes,18.79,688.0,Tier 2,Diploma,0
BIZ1177,Retail,14,16.09,No,44.08,566.0,Tier 1,Graduate,1
BIZ1178,Textiles,2,61.66,No,36.54,716.0,Tier 2,High School,0
BIZ1179,Retail,11,49.11,No,6.52,573.0,Tier 3,Graduate,0
BIZ1180,Retail,1,9.62,No,20.98,705.0,Tier 3,Graduate,0
BIZ1181,Retail,19,79.12,No,44.43,738.0,Tier 3,Postgraduate,0
BIZ1182,Services,4,31.64,No,3.31,719.0,Tier 1,Diploma,0
BIZ1183,Textiles,19,29.74,No,48.11,670.0,Tier 3,High School,0
BIZ1184,Retail,11,55.01,No,34.28,631.0,Tier 3,Postgraduate,0
BIZ1185,Trading,8,78.72,No,31.94,604.0,Tier 2,Diploma,0
BIZ1186,Food Processing,11,24.6,Yes,14.26,768.0,Tier 2,Graduate,0
BIZ1187,Retail,4,51.54,No,13.19,594.0,Tier 3,High School,1
BIZ1188,Services,17,60.72,Yes,47.16,567.0,Tier 3,Diploma,0
BIZ1189,Textiles,7,67.33,No,15.62,703.0,Tier 1,Graduate,0
BIZ1190,Services,8,54.41,No,39.0,586.0,Tier 1,Postgraduate,0
BIZ1191,Retail,3,40.82,No,20.26,574.0,Tier 3,High School,0
BIZ1192,Textiles,2,29.31,No,7.82,535.0,Tier 2,Diploma,0
BIZ1193,Food Processing,15,52.15,Yes,1.53,611.0,Tier 3,Postgraduate,0
BIZ1194,Retail,5,23.2,Yes,27.67,643.0,Tier 1,Graduate,0
BIZ1195,Services,1,5.0,No,48.81,669.0,Tier 2,Graduate,0
BIZ1196,Manufacturing,4,60.91,Yes,19.09,726.0,Tier 2,Diploma,1
BIZ1197,Trading,15,72.6,No,18.5,692.0,Tier 1,Graduate,0
BIZ1198,Services,19,5.0,No,17.86,635.0,Tier 3,High School,0
BIZ1199,Textiles,3,24.76,No,26.51,634.0,Tier 3,Diploma,0
BIZ1200,Retail,11,65.48,No,22.59,691.0,Tier 3,Postgraduate,0
BIZ1201,Trading,17,101.44,Yes,44.12,752.0,Tier 1,Diploma,1
BIZ1202,Retail,13,50.52,No,25.77,660.0,Tier 2,Diploma,0
BIZ1203,Textiles,11,31.8,No,25.88,612.0,Tier 1,Postgraduate,0
BIZ1204,Retail,2,45.43,Yes,7.78,571.0,Tier 3,Graduate,0
BIZ1205,Manufacturing,9,84.37,No,49.15,534.0,Tier 1,Postgraduate,0
BIZ1206,Trading,2,33.85,Yes,13.25,703.0,Tier 2,High School,0
BIZ1207,Trading,9,30.02,No,4.59,696.0,Tier 1,Graduate,0
BIZ1208,Textiles,9,37.93,No,33.49,696.0,Tier 3,Diploma,0
BIZ1209,Manufacturing,8,26.17,Yes,30.17,640.0,Tier 2,Graduate,0
BIZ1210,Services,17,53.07,No,21.34,763.0,Tier 1,Graduate,0
BIZ1211,Retail,1,90.62,No,21.69,611.0,Tier 1,High School,0
BIZ1212,Food Processing,11,58.08,No,39.47,726.0,Tier 2,Graduate,0
BIZ1213,Retail,8,43.69,No,10.59,647.0,Tier 2,Graduate,1
BIZ1214,Retail,10,42.7,No,41.19,601.0,Tier 3,Graduate,0
BIZ1215,Services,7,10.92,Yes,32.79,697.0,Tier 2,Diploma,0
BIZ1216,Retail,3,72.08,No,21.53,683.0,Tier 3,Graduate,0
BIZ1217,Manufacturing,3,48.05,Yes,23.44,679.0,Tier 1,Postgraduate,0
BIZ1218,Manufacturing,18,45.49,No,13.58,657.0,Tier 3,Graduate,0
BIZ1219,Trading,5,129.83,No,37.85,647.0,Tier 1,High School,1
BIZ1220,Textiles,12,57.47,No,26.13,841.0,Tier 2,Graduate,0
BIZ1221,Food Processing,12,31.21,No,16.72,745.0,Tier 1,Graduate,0
BIZ1222,Retail,19,39.34,Yes,30.21,708.0,Tier 2,Diploma,0
BIZ1223,Retail,6,78.71,No,49.79,659.0,Tier 1,Postgraduate,0
BIZ1224,Services,2,52.83,Yes,22.33,731.0,Tier 1,Graduate,0
BIZ1225,Textiles,12,14.04,Yes,46.11,691.0,Tier 1,Postgraduate,1
BIZ1226,Manufacturing,19,72.98,Yes,17.91,652.0,Tier 1,High School,0
BIZ1227,Food Processing,5,33.3,No,3.68,626.0,Tier 3,Diploma,0
BIZ1228,Trading,12,96.83,Yes,11.01,644.0,Tier 1,Postgraduate,0
BIZ1229,Manufacturing,17,77.0,Yes,21.52,396.0,Tier 3,Diploma,0
BIZ1230,Textiles,17,38.82,Yes,11.76,667.0,Tier 2,Graduate,1
BIZ1231,Trading,10,82.03,Yes,1.01,611.0,Tier 2,High School,0
BIZ1232,Services,17,51.7,No,45.84,777.0,Tier 3,Diploma,0
BIZ1233,Services,15,71.32,No,42.35,652.0,Tier 2,Graduate,0
BIZ1234,Retail,12,62.12,No,37.37,555.0,Tier 2,Postgraduate,1
BIZ1235,Textiles,16,28.84,No,9.22,646.0,Tier 1,High School,1
BIZ1236,Food Processing,19,33.91,Yes,6.9,566.0,Tier 1,High School,0
BIZ1237,Trading,8,75.75,No,4.31,688.0,Tier 1,Postgraduate,0
BIZ1238,Manufacturing,17,41.63,No,36.48,673.0,Tier 3,Postgraduate,0
BIZ1239,Textiles,5,39.91,Yes,46.51,727.0,Tier 3,High School,0
BIZ1240,Textiles,16,26.12,Yes,22.1,587.0,Tier 2,Diploma,0
BIZ1241,Services,6,60.59,Yes,6.84,653.0,Tier 1,High School,0
BIZ1242,Retail,8,101.56,Yes,26.11,541.0,Tier 3,Postgraduate,0
BIZ1243,Retail,18,23.31,No,18.09,706.0,Tier 3,Diploma,0
BIZ1244,Trading,12,50.61,No,19.37,692.0,Tier 1,Graduate,1
BIZ1245,Services,15,85.31,Yes,31.45,690.0,Tier 3,High School,0
BIZ1246,Textiles,9,48.01,Yes,36.22,650.0,Tier 1,Postgraduate,0
BIZ1247,Food Processing,13,61.31,No,6.42,683.0,Tier 2,Graduate,0
BIZ1248,Services,15,23.44,Yes,2.74,778.0,Tier 2,High School,0
BIZ1249,Trading,10,60.71,No,49.72,627.0,Tier 2,High School,0
BIZ1250,Trading,16,45.32,No,12.4,661.0,Tier 1,Diploma,1
BIZ1251,Services,7,74.64,Yes,3.64,563.0,Tier 3,Postgraduate,0
BIZ1252,Trading,17,79.68,Yes,10.3,581.0,Tier 2,Graduate,1
BIZ1253,Services,7,114.74,No,2.91,658.0,Tier 2,High School,0
BIZ1254,Manufacturing,14,64.49,No,20.2,738.0,Tier 2,Diploma,0
BIZ1255,Services,15,58.14,No,40.32,629.0,Tier 3,Graduate,0
BIZ1256,Services,7,54.86,No,17.72,631.0,Tier 3,Graduate,0
BIZ1257,Trading,9,41.17,Yes,22.76,617.0,Tier 1,High School,0
BIZ1258,Trading,19,58.46,No,34.1,607.0,Tier 2,Graduate,1
BIZ1259,Retail,16,42.61,No,25.94,674.0,Tier 3,High School,1
BIZ1260,Retail,8,54.21,Yes,43.21,530.0,Tier 1,Diploma,1
BIZ1261,Manufacturing,18,82.94,No,43.44,752.0,Tier 2,Diploma,0
BIZ1262,Retail,18,24.84,Yes,1.49,597.0,Tier 3,Graduate,1
BIZ1263,Services,7,78.5,No,39.12,708.0,Tier 3,High School,0
BIZ1264,Trading,3,82.93,Yes,23.58,548.0,Tier 1,Postgraduate,0
BIZ1265,Retail,18,47.05,No,49.45,704.0,Tier 2,Diploma,0
BIZ1266,Retail,10,5.0,No,24.68,704.0,Tier 2,High School,0
BIZ1267,Manufacturing,7,34.8,No,49.36,681.0,Tier 3,High School,0
BIZ1268,Textiles,17,82.42,Yes,37.97,570.0,Tier 2,High School,0
BIZ1269,Manufacturing,14,49.43,No,13.18,670.0,Tier 1,Graduate,0
BIZ1270,Services,3,25.02,No,27.38,555.0,Tier 3,Postgraduate,1
BIZ1271,Trading,12,37.38,No,49.61,630.0,Tier 3,Graduate,0
BIZ1272,Manufacturing,13,71.02,No,43.02,732.0,Tier 1,Diploma,0
BIZ1273,Retail,2,63.67,No,5.77,714.0,Tier 3,Graduate,1
BIZ1274,Trading,3,44.03,No,35.61,651.0,Tier 2,High School,1
BIZ1275,Trading,5,40.83,No,17.93,572.0,Tier 2,Graduate,0
BIZ1276,Retail,11,40.21,No,1.34,702.0,Tier 3,High School,1
BIZ1277,Manufacturing,8,26.94,No,20.77,652.0,Tier 1,Postgraduate,1
BIZ1278,Retail,12,90.38,No,12.5,464.0,Tier 1,Graduate,1
BIZ1279,Textiles,7,41.94,No,41.12,713.0,Tier 2,Graduate,1
BIZ1280,Trading,15,80.43,No,17.53,648.0,Tier 1,Graduate,0
BIZ1281,Food Processing,17,88.03,No,41.55,746.0,Tier 3,High School,0
BIZ1282,Food Processing,4,74.96,Yes,1.03,562.0,Tier 3,High School,0
BIZ1283,Services,13,39.21,No,16.08,396.0,Tier 2,Graduate,0
BIZ1284,Retail,18,60.09,No,12.82,672.0,Tier 2,Graduate,0
BIZ1285,Retail,1,49.4,No,12.44,673.0,Tier 2,Postgraduate,0
BIZ1286,Services,16,27.41,No,4.34,515.0,Tier 1,Postgraduate,0
BIZ1287,Services,13,58.11,No,10.17,572.0,Tier 3,Diploma,0
BIZ1288,Services,10,20.52,No,28.22,870.0,Tier 3,Postgraduate,0
BIZ1289,Trading,12,79.69,No,15.28,626.0,Tier 3,Postgraduate,1
BIZ1290,Textiles,2,38.38,No,21.45,708.0,Tier 2,Postgraduate,0
BIZ1291,Retail,3,55.03,No,19.47,598.0,Tier 3,High School,0
BIZ1292,Trading,10,57.08,No,43.92,483.0,Tier 1,Postgraduate,0
BIZ1293,Services,2,43.53,No,45.36,636.0,Tier 1,Postgraduate,0
BIZ1294,Retail,13,64.67,Yes,25.15,629.0,Tier 3,Graduate,1
BIZ1295,Trading,13,38.13,Yes,17.18,618.0,Tier 2,High School,0
BIZ1296,Textiles,18,71.78,No,6.23,641.0,Tier 3,Diploma,0
BIZ1297,Trading,3,16.35,Yes,47.72,671.0,Tier 1,Diploma,0
BIZ1298,Textiles,7,53.16,No,3.95,638.0,Tier 1,Postgraduate,0
BIZ1299,Services,14,98.47,No,15.58,549.0,Tier 1,Diploma,0
BIZ1300,Textiles,17,24.99,No,15.61,689.0,Tier 3,Diploma,0
BIZ1301,Retail,12,33.06,No,16.7,494.0,Tier 1,Diploma,0
BIZ1302,Services,16,62.85,Yes,9.05,486.0,Tier 2,Postgraduate,1
BIZ1303,Retail,12,54.49,No,39.37,709.0,Tier 3,Diploma,0
BIZ1304,Food Processing,15,58.77,No,7.0,691.0,Tier 3,Postgraduate,0
BIZ1305,Manufacturing,10,62.23,No,32.11,645.0,Tier 1,Graduate,0
BIZ1306,Textiles,7,65.87,Yes,7.07,538.0,Tier 1,Graduate,0
BIZ1307,Manufacturing,5,77.74,No,4.46,593.0,Tier 2,Diploma,0
BIZ1308,Manufacturing,1,60.25,Yes,45.56,629.0,Tier 3,Graduate,0
BIZ1309,Textiles,17,43.97,Yes,10.32,522.0,Tier 1,Postgraduate,1
BIZ1310,Services,3,66.81,Yes,41.24,591.0,Tier 2,Graduate,0
BIZ1311,Food Processing,13,97.5,Yes,27.69,702.0,Tier 1,Diploma,1
BIZ1312,Retail,14,46.68,No,4.81,764.0,Tier 3,Postgraduate,0
BIZ1313,Trading,18,25.64,Yes,47.82,616.0,Tier 1,High School,1
BIZ1314,Retail,4,77.68,No,13.1,711.0,Tier 3,Postgraduate,0
BIZ1315,Trading,18,46.99,No,43.12,497.0,Tier 1,Graduate,0
BIZ1316,Retail,5,5.0,No,9.27,703.0,Tier 3,High School,0
BIZ1317,Textiles,16,71.19,Yes,42.84,586.0,Tier 2,Postgraduate,1
BIZ1318,Food Processing,1,36.62,No,1.65,675.0,Tier 3,High School,1
BIZ1319,Trading,14,47.74,No,26.08,630.0,Tier 2,High School,0
BIZ1320,Services,15,58.3,No,38.7,756.0,Tier 3,High School,0
BIZ1321,Retail,9,54.76,Yes,46.8,580.0,Tier 2,Postgraduate,0
BIZ1322,Retail,15,67.74,No,45.55,700.0,Tier 1,Graduate,0
BIZ1323,Trading,17,39.11,No,41.16,628.0,Tier 3,Postgraduate,0
BIZ1324,Services,4,62.83,No,44.52,637.0,Tier 1,Graduate,1
BIZ1325,Services,12,43.51,Yes,10.76,635.0,Tier 2,Postgraduate,0
BIZ1326,Textiles,5,68.47,No,14.93,582.0,Tier 3,Postgraduate,0
BIZ1327,Textiles,5,65.38,Yes,15.16,649.0,Tier 3,Postgraduate,0
BIZ1328,Textiles,11,26.61,Yes,19.48,645.0,Tier 1,Graduate,0
BIZ1329,Textiles,6,77.15,No,20.27,669.0,Tier 3,Postgraduate,0
BIZ1330,Textiles,7,36.6,Yes,27.68,657.0,Tier 3,High School,0
BIZ1331,Textiles,14,70.2,Yes,8.83,714.0,Tier 1,Postgraduate,0
BIZ1332,Food Processing,11,59.18,Yes,34.87,724.0,Tier 3,High School,1
BIZ1333,Services,13,95.95,No,9.21,566.0,Tier 1,Diploma,0
BIZ1334,Textiles,2,44.41,No,16.21,720.0,Tier 1,Diploma,0
BIZ1335,Services,7,41.27,No,25.66,555.0,Tier 1,Graduate,0
BIZ1336,Services,4,49.51,No,40.03,697.0,Tier 1,Graduate,1
BIZ1337,Manufacturing,8,42.42,Yes,37.23,700.0,Tier 1,Diploma,1
BIZ1338,Food Processing,19,70.0,No,32.63,497.0,Tier 2,Postgraduate,0
BIZ1339,Textiles,13,9.59,No,8.63,657.0,Tier 2,Postgraduate,0
BIZ1340,Retail,14,23.66,Yes,27.81,613.0,Tier 1,Postgraduate,1
BIZ1341,Trading,10,23.3,No,5.28,589.0,Tier 2,Diploma,0
BIZ1342,Retail,11,73.76,No,19.49,758.0,Tier 2,High School,0
BIZ1343,Food Processing,2,92.77,Yes,21.26,598.0,Tier 3,Graduate,1
BIZ1344,Trading,9,47.39,Yes,2.95,585.0,Tier 1,High School,1
BIZ1345,Food Processing,17,45.78,Yes,14.43,656.0,Tier 2,Diploma,0
BIZ1346,Services,3,51.75,Yes,47.83,705.0,Tier 3,High School,0
BIZ1347,Trading,6,79.05,No,47.73,639.0,Tier 3,Postgraduate,0
BIZ1348,Services,5,26.82,No,18.26,743.0,Tier 1,Postgraduate,0
BIZ1349,Retail,5,55.96,No,3.11,692.0,Tier 1,High School,1
BIZ1350,Retail,15,74.38,No,9.78,476.0,Tier 3,Diploma,1
BIZ1351,Trading,17,62.53,Yes,20.22,608.0,Tier 1,High School,1
BIZ1352,Trading,9,54.74,No,47.44,605.0,Tier 1,Postgraduate,0
BIZ1353,Textiles,3,75.03,No,7.92,688.0,Tier 3,Postgraduate,0
BIZ1354,Food Processing,17,5.0,No,38.41,440.0,Tier 3,Diploma,0
BIZ1355,Textiles,10,66.95,No,6.33,854.0,Tier 1,High School,0
BIZ1356,Food Processing,3,33.65,No,49.08,692.0,Tier 2,Postgraduate,1
BIZ1357,Textiles,18,5.0,No,19.7,662.0,Tier 1,Postgraduate,0
BIZ1358,Services,18,62.78,No,38.99,745.0,Tier 2,High School,0
BIZ1359,Trading,17,84.34,Yes,17.79,837.0,Tier 3,High School,0
BIZ1360,Retail,3,46.56,Yes,31.76,720.0,Tier 2,Graduate,1
BIZ1361,Food Processing,3,73.82,Yes,10.41,726.0,Tier 3,Diploma,1
BIZ1362,Food Processing,6,90.31,No,8.16,660.0,Tier 1,Diploma,1
BIZ1363,Retail,13,82.87,No,46.97,639.0,Tier 1,High School,0
BIZ1364,Textiles,15,91.0,No,45.96,612.0,Tier 3,Diploma,0
BIZ1365,Food Processing,9,68.55,No,44.49,584.0,Tier 3,Postgraduate,0
BIZ1366,Services,4,51.89,No,31.65,595.0,Tier 3,High School,0
BIZ1367,Trading,14,9.95,No,40.61,542.0,Tier 1,High School,0
BIZ1368,Retail,5,43.85,Yes,4.38,644.0,Tier 1,High School,0
BIZ1369,Trading,2,28.92,Yes,17.4,515.0,Tier 2,Graduate,0
BIZ1370,Food Processing,11,104.27,No,16.37,665.0,Tier 3,Diploma,0
BIZ1371,Food Processing,9,45.6,No,32.15,647.0,Tier 2,Graduate,0
BIZ1372,Retail,3,53.08,No,18.44,662.0,Tier 1,Postgraduate,0
BIZ1373,Services,9,63.79,Yes,8.28,608.0,Tier 2,Diploma,0
BIZ1374,Manufacturing,3,51.09,Yes,30.23,896.0,Tier 2,Graduate,0
BIZ1375,Retail,2,92.38,No,40.9,759.0,Tier 1,High School,0
BIZ1376,Manufacturing,12,34.43,Yes,19.72,550.0,Tier 1,Graduate,0
BIZ1377,Textiles,10,54.87,Yes,7.48,669.0,Tier 3,High School,1
BIZ1378,Manufacturing,9,31.44,No,10.64,601.0,Tier 2,Graduate,1
BIZ1379,Services,15,17.0,Yes,12.64,569.0,Tier 1,Graduate,0
BIZ1380,Textiles,8,34.71,No,15.69,543.0,Tier 1,Graduate,0
BIZ1381,Manufacturing,5,49.07,Yes,32.5,685.0,Tier 2,High School,0
BIZ1382,Textiles,11,39.27,Yes,30.45,595.0,Tier 1,Graduate,0
BIZ1383,Manufacturing,2,32.69,No,35.11,727.0,Tier 3,Diploma,1
BIZ1384,Services,15,14.84,No,18.76,730.0,Tier 3,Diploma,0
BIZ1385,Manufacturing,6,47.92,No,41.38,760.0,Tier 2,Diploma,0
BIZ1386,Manufacturing,8,12.38,No,11.0,582.0,Tier 3,High School,0
BIZ1387,Manufacturing,5,69.0,Yes,23.98,688.0,Tier 1,High School,0
BIZ1388,Retail,16,52.06,No,40.25,701.0,Tier 1,Diploma,0
BIZ1389,Retail,18,13.56,Yes,9.83,612.0,Tier 1,Diploma,0
BIZ1390,Retail,6,42.27,No,6.38,588.0,Tier 1,Diploma,0
BIZ1391,Services,5,31.2,No,44.3,779.0,Tier 2,Postgraduate,0
BIZ1392,Textiles,16,57.98,No,17.8,668.0,Tier 3,Diploma,1
BIZ1393,Food Processing,13,83.51,No,34.51,701.0,Tier 3,Graduate,1
BIZ1394,Manufacturing,5,5.0,Yes,2.24,584.0,Tier 1,Postgraduate,0
BIZ1395,Manufacturing,13,52.88,Yes,34.81,552.0,Tier 2,Postgraduate,0
BIZ1396,Services,17,46.0,No,16.49,604.0,Tier 1,High School,0
BIZ1397,Manufacturing,18,66.78,No,3.73,640.0,Tier 1,Graduate,0
BIZ1398,Retail,8,55.33,No,30.88,565.0,Tier 2,High School,0
BIZ1399,Food Processing,13,31.2,Yes,12.8,649.0,Tier 2,High School,0
BIZ1400,Trading,19,42.02,No,19.95,515.0,Tier 1,Graduate,1
BIZ1401,Manufacturing,3,30.1,Yes,4.95,560.0,Tier 3,High School,0
BIZ1402,Retail,8,76.9,No,8.21,704.0,Tier 1,Graduate,0
BIZ1403,Trading,2,50.53,No,15.6,698.0,Tier 3,Graduate,0
BIZ1404,Food Processing,8,97.53,No,5.4,619.0,Tier 3,High School,0
BIZ1405,Trading,13,48.48,Yes,45.63,569.0,Tier 2,Diploma,0
BIZ1406,Retail,13,32.29,No,1.3,568.0,Tier 2,High School,1
BIZ1407,Textiles,1,12.16,No,24.71,620.0,Tier 1,Postgraduate,1
BIZ1408,Textiles,6,5.0,No,7.04,702.0,Tier 3,High School,0
BIZ1409,Trading,19,10.4,No,16.08,724.0,Tier 3,Graduate,0
BIZ1410,Services,16,56.68,No,46.38,610.0,Tier 1,Postgraduate,1
BIZ1411,Trading,8,62.72,No,8.92,558.0,Tier 1,Graduate,0
BIZ1412,Manufacturing,1,10.47,No,48.33,671.0,Tier 1,Diploma,1
BIZ1413,Manufacturing,16,72.38,Yes,11.08,584.0,Tier 2,Diploma,0
BIZ1414,Textiles,9,37.92,Yes,37.34,609.0,Tier 1,Postgraduate,0
BIZ1415,Services,13,53.67,No,27.79,756.0,Tier 1,Diploma,0
BIZ1416,Retail,11,90.31,Yes,44.34,716.0,Tier 3,Diploma,0
BIZ1417,Manufacturing,13,72.42,No,28.15,663.0,Tier 1,High School,1
BIZ1418,Textiles,10,43.29,No,27.19,548.0,Tier 3,High School,0
BIZ1419,Food Processing,4,27.72,No,10.58,667.0,Tier 3,Diploma,0
BIZ1420,Textiles,6,5.0,No,9.15,735.0,Tier 2,Diploma,0
BIZ1421,Manufacturing,7,32.02,No,45.91,620.0,Tier 1,High School,1
BIZ1422,Manufacturing,5,44.72,No,17.06,758.0,Tier 1,Diploma,0
BIZ1423,Textiles,11,25.32,Yes,19.23,753.0,Tier 3,Diploma,1
BIZ1424,Retail,13,46.72,No,38.23,783.0,Tier 2,Graduate,0
BIZ1425,Trading,19,51.92,Yes,17.6,674.0,Tier 2,Diploma,0
BIZ1426,Manufacturing,10,44.38,No,47.65,697.0,Tier 1,Postgraduate,0
BIZ1427,Textiles,10,33.75,No,37.16,763.0,Tier 3,Graduate,0
BIZ1428,Textiles,11,54.22,No,30.27,686.0,Tier 1,Postgraduate,0
BIZ1429,Services,7,61.05,Yes,44.16,610.0,Tier 1,Diploma,0
BIZ1430,Trading,18,22.74,No,3.43,614.0,Tier 1,High School,0
BIZ1431,Food Processing,4,85.27,No,13.6,669.0,Tier 1,Graduate,0
BIZ1432,Retail,2,47.54,Yes,23.79,547.0,Tier 3,High School,0
BIZ1433,Food Processing,14,50.47,Yes,12.12,639.0,Tier 2,Graduate,0
BIZ1434,Trading,13,67.71,Yes,37.45,738.0,Tier 1,High School,0
BIZ1435,Trading,12,55.83,No,46.04,475.0,Tier 1,Graduate,0
BIZ1436,Trading,7,73.83,Yes,21.76,773.0,Tier 1,Graduate,1
BIZ1437,Food Processing,2,57.18,No,17.76,740.0,Tier 1,Postgraduate,0
BIZ1438,Trading,13,34.69,No,48.12,613.0,Tier 2,High School,0
BIZ1439,Textiles,14,59.04,No,22.8,693.0,Tier 2,Postgraduate,0
BIZ1440,Food Processing,17,21.41,Yes,24.96,650.0,Tier 2,Postgraduate,0
BIZ1441,Trading,9,52.71,No,18.23,748.0,Tier 2,High School,0
BIZ1442,Textiles,17,49.17,No,45.57,729.0,Tier 1,Graduate,0
BIZ1443,Services,8,44.8,No,28.88,538.0,Tier 3,Postgraduate,0
BIZ1444,Trading,2,46.79,No,38.35,697.0,Tier 2,High School,0
BIZ1445,Food Processing,13,5.0,No,40.78,634.0,Tier 2,Graduate,1
BIZ1446,Manufacturing,3,36.28,No,17.75,657.0,Tier 1,Postgraduate,1
BIZ1447,Trading,16,52.32,No,22.25,592.0,Tier 1,Postgraduate,0
BIZ1448,Manufacturing,6,54.0,No,42.58,790.0,Tier 1,Postgraduate,0
BIZ1449,Textiles,19,24.31,Yes,18.8,733.0,Tier 1,Graduate,1
BIZ1450,Services,7,81.64,Yes,39.9,591.0,Tier 3,Postgraduate,1
BIZ1451,Retail,10,28.35,Yes,47.11,543.0,Tier 3,Graduate,0
BIZ1452,Services,9,74.24,No,31.54,619.0,Tier 2,Diploma,0
BIZ1453,Trading,2,60.68,No,37.34,685.0,Tier 3,Postgraduate,1
BIZ1454,Manufacturing,15,33.84,No,40.45,669.0,Tier 2,Diploma,0
BIZ1455,Manufacturing,5,94.38,No,42.41,750.0,Tier 2,High School,0
BIZ1456,Food Processing,4,20.16,No,20.36,713.0,Tier 3,Postgraduate,0
BIZ1457,Manufacturing,4,72.98,No,3.51,728.0,Tier 2,High School,1
BIZ1458,Food Processing,18,75.01,No,20.69,676.0,Tier 1,High School,1
BIZ1459,Textiles,4,33.23,No,34.01,539.0,Tier 2,High School,0
BIZ1460,Retail,17,84.81,Yes,23.07,634.0,Tier 1,Diploma,0
BIZ1461,Trading,12,43.75,Yes,37.7,735.0,Tier 3,Graduate,0
BIZ1462,Food Processing,17,57.22,Yes,18.49,646.0,Tier 3,Diploma,1
BIZ1463,Retail,10,56.51,No,32.1,690.0,Tier 2,Diploma,0
BIZ1464,Manufacturing,1,46.64,No,10.13,625.0,Tier 1,High School,1
BIZ1465,Manufacturing,18,70.27,No,37.72,568.0,Tier 2,Postgraduate,0
BIZ1466,Retail,18,69.84,Yes,27.74,640.0,Tier 3,Graduate,1
BIZ1467,Manufacturing,14,6.29,No,11.0,675.0,Tier 2,High School,0
BIZ1468,Textiles,15,82.61,No,15.3,598.0,Tier 2,Graduate,0
BIZ1469,Textiles,12,8.44,Yes,37.68,631.0,Tier 1,Diploma,0
BIZ1470,Retail,4,75.81,No,24.65,575.0,Tier 3,Graduate,0
BIZ1471,Food Processing,3,78.17,Yes,11.59,740.0,Tier 2,Graduate,1
BIZ1472,Food Processing,12,22.73,No,48.4,626.0,Tier 1,Postgraduate,0
BIZ1473,Retail,7,39.73,No,36.04,766.0,Tier 2,High School,0
BIZ1474,Food Processing,11,22.36,Yes,47.9,772.0,Tier 1,Graduate,0
BIZ1475,Food Processing,1,44.63,Yes,21.93,644.0,Tier 1,Graduate,1
BIZ1476,Textiles,6,42.3,No,24.28,569.0,Tier 2,Diploma,0
BIZ1477,Food Processing,15,69.49,No,45.0,483.0,Tier 3,Diploma,0
BIZ1478,Services,15,82.76,No,26.73,532.0,Tier 3,Graduate,1
BIZ1479,Trading,19,84.89,No,35.66,540.0,Tier 1,High School,0
BIZ1480,Manufacturing,11,35.95,No,13.36,760.0,Tier 3,Graduate,0
BIZ1481,Services,2,44.77,No,22.89,659.0,Tier 1,Graduate,0
BIZ1482,Food Processing,14,7.91,No,7.05,681.0,Tier 3,Postgraduate,0
BIZ1483,Textiles,2,29.85,No,11.09,472.0,Tier 2,High School,1
BIZ1484,Retail,4,74.12,No,1.05,554.0,Tier 3,Postgraduate,1
BIZ1485,Food Processing,17,90.39,No,2.92,721.0,Tier 1,High School,0
BIZ1486,Textiles,3,19.14,No,48.89,673.0,Tier 1,High School,0
BIZ1487,Trading,13,35.19,No,12.88,638.0,Tier 3,High School,0
BIZ1488,Food Processing,9,49.34,Yes,33.5,695.0,Tier 2,Postgraduate,0
BIZ1489,Retail,7,57.0,No,42.12,781.0,Tier 1,Postgraduate,0
BIZ1490,Textiles,15,29.76,No,27.98,632.0,Tier 1,Postgraduate,1
BIZ1491,Textiles,11,60.6,Yes,8.5,656.0,Tier 1,Diploma,0
BIZ1492,Textiles,2,38.15,No,36.68,665.0,Tier 1,Postgraduate,0
BIZ1493,Trading,15,49.64,No,30.41,841.0,Tier 1,Diploma,1
BIZ1494,Food Processing,14,63.66,Yes,36.83,482.0,Tier 2,Diploma,1
BIZ1495,Trading,11,50.16,No,38.72,705.0,Tier 3,Diploma,0
BIZ1496,Manufacturing,3,39.09,Yes,48.8,641.0,Tier 2,Graduate,1
BIZ1497,Manufacturing,17,47.26,Yes,29.1,695.0,Tier 2,Graduate,0
BIZ1498,Food Processing,12,47.79,No,17.74,597.0,Tier 1,Graduate,0
BIZ1499,Trading,15,40.75,No,32.77,646.0,Tier 2,Diploma,0
BIZ1500,Retail,16,43.53,Yes,4.35,707.0,Tier 1,Diploma,0
BIZ1501,Textiles,5,89.97,No,44.97,899.0,Tier 2,High School,0
BIZ1502,Textiles,6,64.02,No,6.85,715.0,Tier 1,Diploma,1
BIZ1503,Food Processing,19,42.61,Yes,17.06,582.0,Tier 1,Graduate,1
BIZ1504,Manufacturing,5,67.42,Yes,40.97,616.0,Tier 2,Diploma,0
BIZ1505,Manufacturing,3,41.65,No,30.27,614.0,Tier 2,Diploma,0
BIZ1506,Textiles,1,79.33,Yes,20.29,506.0,Tier 3,High School,0
BIZ1507,Food Processing,6,59.24,No,24.2,624.0,Tier 3,Diploma,0
BIZ1508,Trading,15,47.32,No,42.87,709.0,Tier 3,Postgraduate,1
BIZ1509,Manufacturing,2,61.19,No,17.66,548.0,Tier 2,High School,0
BIZ1510,Trading,3,10.73,Yes,43.61,734.0,Tier 2,Diploma,0
BIZ1511,Manufacturing,17,21.83,No,5.32,689.0,Tier 1,Diploma,0
BIZ1512,Manufacturing,12,20.15,No,39.06,591.0,Tier 3,High School,0
BIZ1513,Services,18,53.57,No,42.53,639.0,Tier 1,Diploma,0
BIZ1514,Manufacturing,15,93.31,Yes,9.91,778.0,Tier 1,Graduate,0
BIZ1515,Retail,12,105.78,Yes,22.09,709.0,Tier 1,Postgraduate,0
BIZ1516,Food Processing,16,65.95,No,9.11,651.0,Tier 1,Postgraduate,0
BIZ1517,Food Processing,8,62.52,No,35.62,631.0,Tier 3,Graduate,0
BIZ1518,Trading,14,5.0,Yes,27.23,656.0,Tier 1,Diploma,0
BIZ1519,Manufacturing,17,36.43,No,32.13,609.0,Tier 2,Diploma,1
BIZ1520,Retail,8,30.31,Yes,10.63,482.0,Tier 2,Postgraduate,1
BIZ1521,Trading,15,34.48,No,11.38,813.0,Tier 2,Diploma,1
BIZ1522,Services,14,45.8,No,3.03,662.0,Tier 3,Postgraduate,0
BIZ1523,Trading,18,38.2,No,16.78,682.0,Tier 1,Postgraduate,0
BIZ1524,Trading,7,5.0,No,28.43,645.0,Tier 3,Graduate,0
BIZ1525,Manufacturing,3,68.7,No,43.04,591.0,Tier 1,Postgraduate,1
BIZ1526,Services,12,23.18,No,33.68,635.0,Tier 3,Diploma,0
BIZ1527,Trading,3,55.98,No,22.33,522.0,Tier 3,Diploma,0
BIZ1528,Retail,14,101.85,No,47.7,832.0,Tier 1,High School,0
BIZ1529,Retail,15,27.02,No,36.24,551.0,Tier 3,Diploma,0
BIZ1530,Food Processing,14,5.0,Yes,46.58,567.0,Tier 1,High School,0
BIZ1531,Services,7,42.85,Yes,26.85,615.0,Tier 2,Postgraduate,0
BIZ1532,Services,17,77.52,No,13.69,753.0,Tier 2,Diploma,1
BIZ1533,Food Processing,12,98.96,No,3.59,651.0,Tier 2,Graduate,0
BIZ1534,Trading,4,19.26,No,36.58,551.0,Tier 3,Graduate,1
BIZ1535,Services,9,62.42,Yes,6.94,750.0,Tier 2,Graduate,0
BIZ1536,Retail,6,38.37,No,15.84,708.0,Tier 1,Postgraduate,1
BIZ1537,Retail,16,47.35,No,27.09,693.0,Tier 2,Postgraduate,0
BIZ1538,Manufacturing,2,116.11,No,28.66,707.0,Tier 2,High School,0
BIZ1539,Services,8,12.43,No,30.43,842.0,Tier 3,Graduate,0
BIZ1540,Trading,11,56.34,No,9.15,825.0,Tier 1,High School,0
BIZ1541,Food Processing,13,61.69,No,19.61,595.0,Tier 3,High School,0
BIZ1542,Food Processing,17,77.14,No,31.24,780.0,Tier 3,Diploma,0
BIZ1543,Trading,8,52.45,Yes,48.52,681.0,Tier 1,Diploma,0
BIZ1544,Textiles,18,57.7,No,36.65,690.0,Tier 3,Graduate,0
BIZ1545,Manufacturing,18,40.21,No,46.21,515.0,Tier 1,Postgraduate,1
BIZ1546,Food Processing,14,56.73,No,38.35,636.0,Tier 2,Diploma,1
BIZ1547,Services,15,41.42,Yes,29.99,585.0,Tier 1,Postgraduate,0
BIZ1548,Manufacturing,6,65.54,No,10.41,716.0,Tier 1,High School,0
BIZ1549,Services,11,40.76,No,33.67,736.0,Tier 1,High School,1
BIZ1550,Retail,13,59.43,Yes,31.55,484.0,Tier 3,High School,0
BIZ1551,Manufacturing,1,49.27,No,30.52,648.0,Tier 1,High School,0
BIZ1552,Food Processing,6,78.15,No,25.0,740.0,Tier 1,Graduate,0
BIZ1553,Manufacturing,9,48.72,No,26.9,635.0,Tier 1,High School,0
BIZ1554,Manufacturing,8,5.67,No,17.39,708.0,Tier 2,Diploma,0
BIZ1555,Manufacturing,11,81.55,Yes,26.45,678.0,Tier 1,High School,0
BIZ1556,Textiles,19,27.36,No,10.68,677.0,Tier 3,Postgraduate,0
BIZ1557,Manufacturing,9,33.66,Yes,40.45,628.0,Tier 1,Diploma,0
BIZ1558,Services,17,35.11,No,10.1,553.0,Tier 1,Postgraduate,1
BIZ1559,Retail,12,84.36,No,5.16,560.0,Tier 2,Postgraduate,0
BIZ1560,Trading,14,5.0,No,22.38,707.0,Tier 1,Graduate,0
BIZ1561,Manufacturing,15,128.44,Yes,33.26,652.0,Tier 3,Graduate,0
BIZ1562,Food Processing,16,76.4,No,22.45,639.0,Tier 1,Postgraduate,0
BIZ1563,Manufacturing,1,55.58,No,14.56,616.0,Tier 3,Postgraduate,0
BIZ1564,Food Processing,10,48.63,No,28.35,626.0,Tier 2,High School,0
BIZ1565,Services,8,57.14,No,18.0,734.0,Tier 1,Diploma,0
BIZ1566,Food Processing,18,63.03,No,46.71,623.0,Tier 2,High School,0
BIZ1567,Trading,1,66.13,No,46.21,543.0,Tier 1,Graduate,0
BIZ1568,Retail,2,63.89,No,25.62,709.0,Tier 3,Graduate,0
BIZ1569,Food Processing,1,52.24,Yes,17.07,634.0,Tier 2,High School,1
BIZ1570,Food Processing,1,45.07,Yes,37.12,653.0,Tier 1,Diploma,0
BIZ1571,Retail,9,46.22,No,2.8,779.0,Tier 3,Postgraduate,0
BIZ1572,Trading,13,45.13,No,24.26,648.0,Tier 2,High School,0
BIZ1573,Manufacturing,1,78.34,No,17.48,673.0,Tier 1,Graduate,0
BIZ1574,Food Processing,13,64.84,No,46.11,556.0,Tier 2,Diploma,1
BIZ1575,Retail,7,5.0,Yes,1.59,632.0,Tier 1,Graduate,0
BIZ1576,Services,2,66.4,No,28.09,699.0,Tier 3,Diploma,0
BIZ1577,Retail,6,54.87,Yes,37.29,526.0,Tier 3,Diploma,0
BIZ1578,Services,7,49.53,Yes,24.77,666.0,Tier 2,Diploma,0
BIZ1579,Trading,14,40.29,No,5.18,658.0,Tier 2,High School,0
BIZ1580,Manufacturing,18,78.1,Yes,48.65,653.0,Tier 1,High School,0
BIZ1581,Retail,15,73.69,No,26.38,733.0,Tier 3,High School,0
BIZ1582,Textiles,2,30.68,Yes,31.1,677.0,Tier 1,Diploma,1
BIZ1583,Food Processing,10,60.18,No,12.59,768.0,Tier 3,Diploma,0
BIZ1584,Trading,12,25.71,No,24.69,571.0,Tier 2,Graduate,0
BIZ1585,Retail,17,15.51,Yes,22.03,661.0,Tier 1,Postgraduate,1
BIZ1586,Food Processing,8,34.33,No,4.67,657.0,Tier 1,High School,1
BIZ1587,Retail,11,71.56,No,6.2,564.0,Tier 3,Diploma,0
BIZ1588,Services,3,73.83,No,42.04,727.0,Tier 3,Graduate,0
BIZ1589,Retail,6,62.83,Yes,12.75,836.0,Tier 3,Graduate,1
BIZ1590,Textiles,9,68.13,No,10.55,649.0,Tier 2,Graduate,0
BIZ1591,Retail,6,62.9,No,25.74,690.0,Tier 1,High School,0
BIZ1592,Retail,9,33.96,No,38.67,657.0,Tier 3,High School,1
BIZ1593,Textiles,7,60.8,No,4.04,593.0,Tier 2,Postgraduate,0
BIZ1594,Trading,9,70.01,No,29.26,504.0,Tier 3,Graduate,0
BIZ1595,Retail,18,68.86,No,6.84,594.0,Tier 1,High School,0
BIZ1596,Textiles,12,79.72,No,2.79,539.0,Tier 3,Graduate,0
BIZ1597,Food Processing,8,67.71,No,3.58,786.0,Tier 1,Diploma,1
BIZ1598,Services,8,58.79,No,41.87,641.0,Tier 2,Graduate,0
BIZ1599,Services,18,76.75,No,6.78,622.0,Tier 2,Postgraduate,1
BIZ1600,Retail,15,49.34,No,3.21,721.0,Tier 3,High School,0
BIZ1601,Trading,7,27.95,No,22.46,560.0,Tier 1,Diploma,0
BIZ1602,Trading,11,45.92,Yes,42.36,589.0,Tier 1,High School,0
BIZ1603,Food Processing,16,31.38,No,13.86,655.0,Tier 1,Diploma,0
BIZ1604,Retail,4,33.12,No,21.66,732.0,Tier 3,Graduate,1
BIZ1605,Services,6,46.39,No,2.96,690.0,Tier 1,Graduate,0
BIZ1606,Trading,3,30.19,No,23.0,670.0,Tier 1,Postgraduate,0
BIZ1607,Retail,9,42.3,No,29.3,656.0,Tier 1,Postgraduate,0
BIZ1608,Trading,10,5.0,No,28.97,682.0,Tier 1,Diploma,1
BIZ1609,Textiles,14,55.33,Yes,17.29,666.0,Tier 3,Postgraduate,0
BIZ1610,Trading,11,50.03,No,16.46,568.0,Tier 3,Postgraduate,0
BIZ1611,Services,18,29.57,No,6.22,654.0,Tier 1,Postgraduate,0
BIZ1612,Manufacturing,12,66.48,No,18.97,564.0,Tier 1,Postgraduate,0
BIZ1613,Food Processing,12,73.44,No,5.88,656.0,Tier 2,Graduate,0
BIZ1614,Food Processing,13,9.81,No,38.56,612.0,Tier 2,Postgraduate,0
BIZ1615,Services,13,30.93,No,48.35,853.0,Tier 1,Graduate,1
BIZ1616,Trading,19,30.77,Yes,48.53,647.0,Tier 1,Graduate,0
BIZ1617,Retail,19,26.5,Yes,43.39,538.0,Tier 2,High School,0
BIZ1618,Trading,14,70.74,Yes,30.44,639.0,Tier 2,Graduate,0
BIZ1619,Services,4,45.15,No,35.34,692.0,Tier 1,Graduate,0
BIZ1620,Food Processing,13,43.39,No,14.98,784.0,Tier 3,Postgraduate,1
BIZ1621,Trading,8,5.0,No,31.91,603.0,Tier 3,Graduate,0
BIZ1622,Food Processing,19,65.89,No,23.33,523.0,Tier 1,Diploma,0
BIZ1623,Retail,12,19.02,No,24.62,715.0,Tier 1,Postgraduate,0
BIZ1624,Food Processing,18,51.5,No,38.13,540.0,Tier 2,Postgraduate,0
BIZ1625,Food Processing,6,56.93,No,14.81,615.0,Tier 2,Postgraduate,0
BIZ1626,Manufacturing,18,84.02,No,16.58,629.0,Tier 3,High School,0
BIZ1627,Manufacturing,19,17.28,No,46.31,644.0,Tier 1,Postgraduate,0
BIZ1628,Textiles,5,5.0,No,3.75,705.0,Tier 2,Graduate,1
BIZ1629,Manufacturing,9,54.6,Yes,24.8,595.0,Tier 3,Diploma,0
BIZ1630,Food Processing,3,95.01,No,45.73,628.0,Tier 3,Postgraduate,0
BIZ1631,Services,10,80.97,Yes,30.91,649.0,Tier 3,Postgraduate,1
BIZ1632,Food Processing,19,55.24,No,27.77,662.0,Tier 2,Diploma,0
BIZ1633,Services,3,37.71,No,13.24,658.0,Tier 2,Postgraduate,0
BIZ1634,Services,15,70.18,No,17.82,685.0,Tier 1,High School,0
BIZ1635,Manufacturing,1,25.66,Yes,42.75,718.0,Tier 1,Graduate,0
BIZ1636,Trading,7,61.91,No,28.4,681.0,Tier 3,Diploma,0
BIZ1637,Retail,12,62.64,Yes,26.22,686.0,Tier 3,Diploma,0
BIZ1638,Manufacturing,17,76.51,No,5.88,523.0,Tier 2,High School,1
BIZ1639,Manufacturing,5,118.99,Yes,1.79,654.0,Tier 2,Graduate,0
BIZ1640,Trading,4,59.81,No,48.22,688.0,Tier 1,High School,0
BIZ1641,Retail,12,37.28,No,19.47,708.0,Tier 1,Graduate,0
BIZ1642,Food Processing,18,49.36,No,30.56,595.0,Tier 1,High School,0
BIZ1643,Textiles,17,5.77,Yes,4.91,597.0,Tier 2,Postgraduate,0
BIZ1644,Textiles,19,32.63,Yes,34.47,604.0,Tier 3,High School,0
BIZ1645,Food Processing,9,39.77,No,46.7,693.0,Tier 1,Diploma,0
BIZ1646,Manufacturing,4,36.9,No,29.21,733.0,Tier 1,Diploma,1
BIZ1647,Retail,2,53.81,No,7.18,617.0,Tier 2,Diploma,0
BIZ1648,Manufacturing,4,29.44,Yes,29.5,723.0,Tier 1,High School,0
BIZ1649,Services,2,78.03,No,38.55,660.0,Tier 3,Diploma,1
BIZ1650,Manufacturing,15,50.01,Yes,20.91,640.0,Tier 2,Diploma,0
BIZ1651,Manufacturing,2,49.77,Yes,44.11,633.0,Tier 1,Postgraduate,1
BIZ1652,Food Processing,4,41.8,No,32.79,710.0,Tier 1,Postgraduate,1
BIZ1653,Food Processing,6,53.88,No,45.06,676.0,Tier 2,Graduate,0
BIZ1654,Food Processing,7,70.63,Yes,31.55,832.0,Tier 2,Graduate,1
BIZ1655,Textiles,10,28.32,Yes,7.43,582.0,Tier 1,Graduate,0
BIZ1656,Services,19,33.55,Yes,16.17,691.0,Tier 3,High School,0
BIZ1657,Food Processing,19,42.41,No,10.89,608.0,Tier 2,Graduate,1
BIZ1658,Retail,12,16.35,No,45.53,580.0,Tier 3,High School,0
BIZ1659,Textiles,3,29.52,Yes,38.26,649.0,Tier 1,High School,0
BIZ1660,Trading,13,38.09,Yes,34.14,661.0,Tier 3,Graduate,0
BIZ1661,Retail,18,71.86,No,15.75,883.0,Tier 1,Graduate,1
BIZ1662,Retail,8,56.56,No,10.02,635.0,Tier 1,High School,1
BIZ1663,Food Processing,15,54.84,No,38.07,560.0,Tier 1,Postgraduate,0
BIZ1664,Trading,1,71.27,Yes,24.23,672.0,Tier 1,Diploma,1
BIZ1665,Trading,3,46.57,Yes,12.06,484.0,Tier 3,Diploma,0
BIZ1666,Textiles,8,59.76,No,31.21,643.0,Tier 1,Diploma,0
BIZ1667,Trading,4,47.42,No,2.98,651.0,Tier 1,Postgraduate,0
BIZ1668,Services,16,56.63,Yes,16.98,714.0,Tier 3,High School,1
BIZ1669,Food Processing,10,35.43,No,23.96,728.0,Tier 2,Graduate,0
BIZ1670,Trading,12,5.0,Yes,8.25,610.0,Tier 3,High School,0
BIZ1671,Textiles,14,46.64,No,49.25,638.0,Tier 3,High School,1
BIZ1672,Services,14,85.57,No,11.25,589.0,Tier 3,Graduate,1
BIZ1673,Manufacturing,2,73.16,Yes,7.39,560.0,Tier 1,Postgraduate,0
BIZ1674,Manufacturing,5,74.13,No,10.97,675.0,Tier 1,Diploma,0
BIZ1675,Services,5,80.9,No,38.68,548.0,Tier 1,Diploma,1
BIZ1676,Textiles,6,52.22,No,21.85,617.0,Tier 2,High School,1
BIZ1677,Services,13,54.93,No,28.71,570.0,Tier 1,Postgraduate,0
BIZ1678,Food Processing,9,34.56,Yes,2.03,694.0,Tier 2,Diploma,1
BIZ1679,Food Processing,15,42.1,No,2.69,794.0,Tier 1,Postgraduate,1
BIZ1680,Manufacturing,14,65.39,Yes,22.85,546.0,Tier 3,Graduate,1
BIZ1681,Trading,7,80.1,No,41.02,502.0,Tier 1,High School,1
BIZ1682,Textiles,2,46.51,No,44.38,640.0,Tier 2,High School,0
BIZ1683,Manufacturing,7,38.75,No,5.25,651.0,Tier 2,Postgraduate,0
BIZ1684,Trading,6,50.01,Yes,27.38,667.0,Tier 1,Diploma,0
BIZ1685,Trading,17,65.03,No,45.75,614.0,Tier 3,Postgraduate,0
BIZ1686,Food Processing,2,13.9,No,20.01,634.0,Tier 1,Graduate,1
BIZ1687,Retail,3,5.0,No,41.65,679.0,Tier 1,Diploma,1
BIZ1688,Retail,5,36.24,Yes,7.55,733.0,Tier 1,Diploma,0
BIZ1689,Services,5,19.48,Yes,46.83,494.0,Tier 3,Postgraduate,0
BIZ1690,Food Processing,1,37.3,No,37.82,620.0,Tier 2,Graduate,0
BIZ1691,Trading,8,46.31,No,47.13,667.0,Tier 3,Diploma,0
BIZ1692,Textiles,12,38.67,Yes,34.15,577.0,Tier 2,High School,0
BIZ1693,Retail,4,86.31,No,18.81,788.0,Tier 2,Graduate,0
BIZ1694,Trading,13,58.17,No,46.97,599.0,Tier 2,Diploma,0
BIZ1695,Retail,15,57.51,No,14.5,647.0,Tier 3,Postgraduate,0
BIZ1696,Retail,11,65.56,Yes,17.28,694.0,Tier 1,Diploma,0
BIZ1697,Retail,10,21.53,Yes,35.34,603.0,Tier 1,High School,1
BIZ1698,Textiles,3,75.98,No,38.5,502.0,Tier 1,Graduate,0
BIZ1699,Food Processing,14,48.11,Yes,46.54,616.0,Tier 1,Diploma,0
BIZ1700,Textiles,16,66.76,No,11.04,732.0,Tier 1,High School,0
BIZ1701,Manufacturing,10,23.2,No,40.1,623.0,Tier 3,Diploma,0
BIZ1702,Trading,10,11.16,No,37.19,582.0,Tier 3,Diploma,1
BIZ1703,Food Processing,12,70.45,No,4.13,724.0,Tier 3,Graduate,0
BIZ1704,Food Processing,9,59.41,No,19.97,624.0,Tier 3,Postgraduate,1
BIZ1705,Food Processing,1,27.45,Yes,14.86,609.0,Tier 3,Postgraduate,0
BIZ1706,Food Processing,5,28.26,No,15.92,662.0,Tier 3,High School,0
BIZ1707,Textiles,8,78.14,No,49.16,712.0,Tier 3,High School,0
BIZ1708,Food Processing,11,20.26,No,32.5,841.0,Tier 1,High School,0
BIZ1709,Services,12,91.07,Yes,36.17,716.0,Tier 2,Graduate,0
BIZ1710,Trading,1,27.48,Yes,48.85,743.0,Tier 3,Postgraduate,1
BIZ1711,Food Processing,11,65.96,Yes,19.48,610.0,Tier 2,High School,0
BIZ1712,Trading,5,41.78,No,40.29,568.0,Tier 3,High School,0
BIZ1713,Services,15,65.08,No,22.29,655.0,Tier 3,Diploma,1
BIZ1714,Services,5,36.4,No,43.61,659.0,Tier 1,Diploma,1
BIZ1715,Trading,12,45.93,Yes,9.85,564.0,Tier 2,High School,0
BIZ1716,Retail,5,51.02,Yes,47.44,636.0,Tier 1,Diploma,0
BIZ1717,Manufacturing,17,24.95,No,11.72,682.0,Tier 1,Diploma,0
BIZ1718,Retail,17,68.52,No,16.98,679.0,Tier 2,Diploma,0
BIZ1719,Retail,12,37.17,Yes,38.05,690.0,Tier 1,Graduate,1
BIZ1720,Textiles,15,44.29,No,20.29,673.0,Tier 3,High School,0
BIZ1721,Retail,15,25.14,Yes,30.8,609.0,Tier 3,High School,0
BIZ1722,Food Processing,6,5.0,No,22.78,609.0,Tier 3,Diploma,1
BIZ1723,Textiles,12,45.22,No,37.38,554.0,Tier 3,Graduate,1
BIZ1724,Textiles,18,110.32,Yes,12.19,793.0,Tier 3,Diploma,0
BIZ1725,Services,14,69.62,Yes,3.86,651.0,Tier 1,Graduate,1
BIZ1726,Retail,2,49.52,No,15.7,632.0,Tier 1,High School,0
BIZ1727,Services,9,43.43,Yes,24.24,576.0,Tier 3,Diploma,0
BIZ1728,Trading,5,50.56,No,9.23,885.0,Tier 3,High School,1
BIZ1729,Manufacturing,1,63.68,No,18.39,564.0,Tier 1,Graduate,0
BIZ1730,Textiles,3,20.48,No,20.6,616.0,Tier 2,Postgraduate,0
BIZ1731,Trading,6,77.86,No,3.81,683.0,Tier 1,Graduate,0
BIZ1732,Trading,5,67.88,No,29.58,698.0,Tier 1,Postgraduate,0
BIZ1733,Food Processing,5,67.95,Yes,44.33,727.0,Tier 1,High School,0
BIZ1734,Manufacturing,1,60.96,No,8.44,795.0,Tier 1,High School,0
BIZ1735,Trading,17,50.49,No,30.29,690.0,Tier 1,Diploma,0
BIZ1736,Trading,19,66.82,No,33.57,566.0,Tier 2,Postgraduate,0
BIZ1737,Manufacturing,14,64.8,Yes,21.55,629.0,Tier 3,Graduate,0
BIZ1738,Manufacturing,12,41.15,Yes,35.35,675.0,Tier 3,High School,1
BIZ1739,Trading,10,35.66,No,21.13,815.0,Tier 2,Postgraduate,0
BIZ1740,Manufacturing,18,52.55,Yes,25.73,538.0,Tier 3,Graduate,0
BIZ1741,Trading,11,88.73,No,1.36,746.0,Tier 3,Postgraduate,0
BIZ1742,Trading,2,19.02,No,34.89,664.0,Tier 3,Graduate,0
BIZ1743,Food Processing,18,13.31,No,33.41,717.0,Tier 2,Graduate,1
BIZ1744,Retail,7,54.12,No,2.88,642.0,Tier 2,Graduate,0
BIZ1745,Trading,15,51.27,No,19.04,583.0,Tier 3,Graduate,0
BIZ1746,Services,11,54.33,No,48.97,710.0,Tier 3,Postgraduate,0
BIZ1747,Textiles,18,56.1,Yes,21.62,702.0,Tier 3,Postgraduate,0
BIZ1748,Retail,12,44.42,No,25.6,728.0,Tier 1,Diploma,0
BIZ1749,Retail,6,87.25,No,45.59,649.0,Tier 1,Postgraduate,1
BIZ1750,Retail,13,9.98,No,36.15,602.0,Tier 1,Postgraduate,0
BIZ1751,Food Processing,16,29.29,No,29.52,525.0,Tier 2,Diploma,0
BIZ1752,Trading,18,47.42,No,40.09,716.0,Tier 3,Postgraduate,0
BIZ1753,Food Processing,10,8.92,No,43.35,684.0,Tier 2,Graduate,0
BIZ1754,Trading,8,45.6,No,23.39,573.0,Tier 2,High School,0
BIZ1755,Food Processing,18,91.54,Yes,24.28,607.0,Tier 2,High School,0
BIZ1756,Food Processing,1,50.52,No,19.92,613.0,Tier 3,Diploma,0
BIZ1757,Textiles,8,55.77,No,48.37,531.0,Tier 1,Postgraduate,0
BIZ1758,Services,6,18.5,No,35.16,585.0,Tier 3,Postgraduate,0
BIZ1759,Food Processing,5,34.59,No,5.08,559.0,Tier 3,Diploma,0
BIZ1760,Textiles,15,40.62,No,43.29,617.0,Tier 2,High School,0
BIZ1761,Manufacturing,15,42.06,Yes,24.55,591.0,Tier 2,Graduate,0
BIZ1762,Services,2,82.04,No,4.37,520.0,Tier 2,Postgraduate,1
BIZ1763,Food Processing,1,63.94,Yes,27.94,812.0,Tier 1,Diploma,1
BIZ1764,Retail,11,22.21,No,21.44,750.0,Tier 1,Graduate,0
BIZ1765,Manufacturing,10,56.16,No,44.01,588.0,Tier 1,Diploma,0
BIZ1766,Manufacturing,18,62.46,Yes,11.0,672.0,Tier 3,Diploma,0
BIZ1767,Textiles,18,78.5,Yes,41.5,683.0,Tier 2,Diploma,0
BIZ1768,Manufacturing,17,89.51,No,28.33,745.0,Tier 3,High School,1
BIZ1769,Services,8,24.62,Yes,3.68,585.0,Tier 1,High School,0
BIZ1770,Food Processing,15,29.73,No,48.62,737.0,Tier 2,Diploma,1
BIZ1771,Food Processing,8,18.56,Yes,26.12,606.0,Tier 1,Postgraduate,0
BIZ1772,Retail,17,44.15,Yes,15.25,543.0,Tier 2,Graduate,0
BIZ1773,Textiles,12,61.66,No,24.0,708.0,Tier 2,Postgraduate,0
BIZ1774,Retail,8,74.68,No,43.04,753.0,Tier 3,High School,1
BIZ1775,Manufacturing,14,48.1,No,15.94,857.0,Tier 3,Graduate,0
BIZ1776,Retail,4,42.0,No,10.44,554.0,Tier 1,Diploma,0
BIZ1777,Services,1,53.79,No,7.32,706.0,Tier 3,Postgraduate,0
BIZ1778,Food Processing,1,29.12,No,15.6,617.0,Tier 3,Postgraduate,1
BIZ1779,Manufacturing,19,102.24,No,39.22,713.0,Tier 3,Diploma,0
BIZ1780,Retail,16,9.81,No,24.11,532.0,Tier 2,Postgraduate,0
BIZ1781,Textiles,14,54.62,No,12.15,549.0,Tier 3,High School,0
BIZ1782,Services,16,100.59,No,9.14,588.0,Tier 1,Diploma,1
BIZ1783,Services,5,50.17,Yes,17.3,656.0,Tier 2,Postgraduate,1
BIZ1784,Retail,9,45.25,No,47.06,599.0,Tier 2,Diploma,0
BIZ1785,Food Processing,2,41.06,Yes,17.81,703.0,Tier 3,Graduate,0
BIZ1786,Retail,18,45.49,No,49.42,732.0,Tier 2,Diploma,0
BIZ1787,Manufacturing,6,84.32,Yes,24.78,698.0,Tier 1,Postgraduate,0
BIZ1788,Retail,9,5.0,No,9.78,780.0,Tier 1,High School,0
BIZ1789,Services,1,88.34,No,44.67,683.0,Tier 2,Diploma,0
BIZ1790,Retail,9,14.4,Yes,23.56,553.0,Tier 3,Diploma,0
BIZ1791,Food Processing,16,43.33,Yes,35.77,759.0,Tier 3,Postgraduate,0
BIZ1792,Textiles,13,39.27,Yes,49.2,602.0,Tier 2,High School,1
BIZ1793,Trading,9,64.71,No,3.46,723.0,Tier 1,High School,0
BIZ1794,Retail,13,10.05,No,5.74,776.0,Tier 2,Graduate,0
BIZ1795,Food Processing,9,61.55,Yes,36.3,687.0,Tier 3,Graduate,0
BIZ1796,Food Processing,11,100.61,No,14.81,530.0,Tier 3,Postgraduate,0
BIZ1797,Textiles,4,15.92,No,10.03,577.0,Tier 2,High School,0
BIZ1798,Services,2,54.74,No,2.93,756.0,Tier 1,High School,1
BIZ1799,Food Processing,6,33.45,No,2.07,636.0,Tier 2,Graduate,0
BIZ1800,Food Processing,14,60.65,No,38.95,656.0,Tier 1,Graduate,0
BIZ1801,Food Processing,4,50.48,No,7.59,711.0,Tier 1,Postgraduate,0
BIZ1802,Food Processing,6,33.96,Yes,23.92,706.0,Tier 2,High School,0
BIZ1803,Manufacturing,19,62.2,Yes,30.69,672.0,Tier 2,Diploma,0
BIZ1804,Manufacturing,6,95.11,Yes,21.99,633.0,Tier 1,Graduate,0
BIZ1805,Services,2,45.23,Yes,2.33,625.0,Tier 1,Postgraduate,0
BIZ1806,Retail,18,67.99,No,39.39,719.0,Tier 1,High School,0
BIZ1807,Food Processing,13,17.67,No,1.52,694.0,Tier 1,High School,0
BIZ1808,Textiles,9,26.09,No,38.33,629.0,Tier 3,Graduate,0
BIZ1809,Retail,19,61.81,Yes,44.77,737.0,Tier 2,Postgraduate,0
BIZ1810,Textiles,13,87.1,Yes,22.21,640.0,Tier 1,Diploma,0
BIZ1811,Retail,11,58.89,No,27.24,582.0,Tier 2,Graduate,1
BIZ1812,Services,1,42.17,No,24.37,589.0,Tier 1,Postgraduate,0
BIZ1813,Food Processing,7,49.98,Yes,20.07,572.0,Tier 2,High School,1
BIZ1814,Food Processing,15,18.74,No,44.48,628.0,Tier 2,Diploma,0
BIZ1815,Trading,1,65.11,No,44.8,749.0,Tier 1,Postgraduate,1
BIZ1816,Textiles,12,72.06,No,17.46,586.0,Tier 1,Diploma,0
BIZ1817,Retail,7,38.7,No,31.14,665.0,Tier 2,Postgraduate,0
BIZ1818,Retail,15,38.25,Yes,46.42,597.0,Tier 2,Postgraduate,0
BIZ1819,Manufacturing,19,56.65,Yes,48.14,629.0,Tier 2,Postgraduate,0
BIZ1820,Trading,1,39.08,No,25.94,529.0,Tier 3,Postgraduate,1
BIZ1821,Manufacturing,17,48.35,No,23.19,632.0,Tier 1,Diploma,0
BIZ1822,Manufacturing,17,102.49,No,14.66,635.0,Tier 3,Graduate,1
BIZ1823,Manufacturing,3,43.82,No,47.98,693.0,Tier 3,Diploma,0
BIZ1824,Textiles,12,41.04,Yes,8.0,668.0,Tier 1,Postgraduate,0
BIZ1825,Textiles,6,33.81,No,29.41,554.0,Tier 1,Diploma,0
BIZ1826,Services,11,68.6,Yes,14.84,737.0,Tier 3,Diploma,0
BIZ1827,Services,3,45.47,No,14.67,667.0,Tier 1,Diploma,1
BIZ1828,Manufacturing,8,33.77,No,20.84,666.0,Tier 2,Postgraduate,0
BIZ1829,Trading,14,83.03,No,49.94,649.0,Tier 2,Diploma,0
BIZ1830,Retail,14,85.49,No,3.69,609.0,Tier 3,High School,1
BIZ1831,Textiles,10,34.99,No,29.35,667.0,Tier 3,Postgraduate,0
BIZ1832,Trading,2,5.0,No,5.05,688.0,Tier 1,Diploma,0
BIZ1833,Food Processing,14,75.19,No,8.57,510.0,Tier 1,High School,0
BIZ1834,Textiles,9,32.88,Yes,22.54,607.0,Tier 3,Diploma,0
BIZ1835,Textiles,3,69.77,Yes,26.01,630.0,Tier 3,Graduate,0
BIZ1836,Services,8,5.0,Yes,13.68,670.0,Tier 2,Diploma,0
BIZ1837,Retail,16,72.31,Yes,16.51,745.0,Tier 2,Diploma,0
BIZ1838,Retail,2,19.72,No,5.26,588.0,Tier 1,Graduate,0
BIZ1839,Food Processing,6,68.27,No,15.86,610.0,Tier 2,Postgraduate,0
BIZ1840,Food Processing,12,50.36,No,48.36,609.0,Tier 1,Graduate,1
BIZ1841,Textiles,5,26.15,Yes,47.29,586.0,Tier 1,Postgraduate,0
BIZ1842,Manufacturing,2,39.82,No,17.41,622.0,Tier 1,Graduate,0
BIZ1843,Services,16,67.16,No,28.97,712.0,Tier 2,Diploma,0
BIZ1844,Services,5,52.65,No,45.57,566.0,Tier 3,Diploma,0
BIZ1845,Textiles,15,64.61,No,1.3,684.0,Tier 3,Postgraduate,0
BIZ1846,Trading,12,99.41,No,40.72,514.0,Tier 2,Postgraduate,1
BIZ1847,Manufacturing,4,10.89,Yes,47.47,605.0,Tier 3,High School,1
BIZ1848,Textiles,15,90.43,Yes,5.47,624.0,Tier 1,High School,0
BIZ1849,Manufacturing,11,52.61,No,8.91,784.0,Tier 3,Diploma,0
BIZ1850,Manufacturing,16,27.53,No,48.08,628.0,Tier 2,Diploma,0
BIZ1851,Manufacturing,6,16.74,No,27.34,474.0,Tier 3,High School,0
BIZ1852,Textiles,14,45.27,Yes,1.7,490.0,Tier 1,High School,0
BIZ1853,Services,18,73.04,No,13.62,653.0,Tier 1,Postgraduate,1
BIZ1854,Services,12,46.81,No,23.05,699.0,Tier 2,Graduate,0
BIZ1855,Manufacturing,11,87.78,No,34.95,680.0,Tier 2,Postgraduate,1
BIZ1856,Trading,13,13.72,Yes,36.92,663.0,Tier 2,High School,0
BIZ1857,Retail,11,49.7,Yes,49.78,743.0,Tier 1,Diploma,0
BIZ1858,Textiles,16,18.69,No,15.09,607.0,Tier 3,High School,0
BIZ1859,Retail,15,59.09,No,27.37,722.0,Tier 3,Diploma,0
BIZ1860,Trading,15,72.17,Yes,27.13,519.0,Tier 2,Diploma,0
BIZ1861,Textiles,4,39.48,Yes,20.88,578.0,Tier 3,Diploma,0
BIZ1862,Manufacturing,11,5.0,No,9.29,505.0,Tier 3,Diploma,0
BIZ1863,Services,19,54.97,No,48.9,628.0,Tier 2,Graduate,0
BIZ1864,Retail,15,60.92,No,42.81,646.0,Tier 2,High School,0
BIZ1865,Food Processing,4,60.11,No,25.42,659.0,Tier 1,Postgraduate,1
BIZ1866,Food Processing,13,80.89,No,30.56,655.0,Tier 1,Diploma,0
BIZ1867,Trading,19,23.22,Yes,12.14,576.0,Tier 1,Diploma,0
BIZ1868,Manufacturing,2,67.01,No,27.65,635.0,Tier 1,Postgraduate,0
BIZ1869,Retail,14,79.81,No,35.05,530.0,Tier 3,Postgraduate,0
BIZ1870,Manufacturing,4,5.54,No,26.24,759.0,Tier 3,Diploma,0
BIZ1871,Retail,16,57.99,No,49.52,626.0,Tier 1,Postgraduate,0
BIZ1872,Trading,14,37.4,Yes,30.96,611.0,Tier 1,Postgraduate,0
BIZ1873,Trading,15,47.96,Yes,19.18,777.0,Tier 2,Graduate,0
BIZ1874,Food Processing,3,58.69,No,38.84,551.0,Tier 3,Postgraduate,0
BIZ1875,Manufacturing,8,37.82,Yes,9.35,560.0,Tier 3,High School,0
BIZ1876,Textiles,16,33.11,Yes,19.84,562.0,Tier 1,High School,0
BIZ1877,Food Processing,10,50.85,No,18.0,645.0,Tier 3,High School,0
BIZ1878,Manufacturing,4,22.82,No,22.16,685.0,Tier 2,Diploma,0
BIZ1879,Food Processing,18,22.85,No,39.31,709.0,Tier 2,High School,0
BIZ1880,Textiles,2,66.98,No,24.72,856.0,Tier 3,Graduate,1
BIZ1881,Services,17,21.28,No,39.91,470.0,Tier 1,High School,0
BIZ1882,Services,13,66.66,No,29.25,699.0,Tier 3,Diploma,0
BIZ1883,Services,4,61.56,No,17.76,605.0,Tier 2,Graduate,0
BIZ1884,Services,11,6.85,No,40.69,603.0,Tier 1,High School,0
BIZ1885,Retail,7,33.06,No,12.68,600.0,Tier 3,Graduate,0
BIZ1886,Services,12,79.85,No,11.99,577.0,Tier 1,Graduate,0
BIZ1887,Textiles,10,25.47,No,25.72,785.0,Tier 1,Diploma,0
BIZ1888,Trading,7,38.39,No,13.78,717.0,Tier 2,Diploma,0
BIZ1889,Trading,13,61.55,No,1.45,652.0,Tier 1,Graduate,0
BIZ1890,Retail,7,69.58,Yes,32.77,758.0,Tier 3,High School,1
BIZ1891,Services,17,43.71,No,26.04,529.0,Tier 1,Diploma,0
BIZ1892,Services,10,35.06,Yes,22.83,544.0,Tier 1,Graduate,0
BIZ1893,Services,10,85.56,No,48.38,476.0,Tier 3,Postgraduate,0
BIZ1894,Food Processing,4,93.47,No,28.99,594.0,Tier 2,Postgraduate,0
BIZ1895,Manufacturing,4,74.47,No,43.31,663.0,Tier 2,Diploma,0
BIZ1896,Food Processing,7,52.13,No,7.83,658.0,Tier 3,High School,0
BIZ1897,Manufacturing,1,29.79,No,28.89,662.0,Tier 3,Postgraduate,0
BIZ1898,Services,12,29.24,No,43.53,537.0,Tier 2,Postgraduate,1
BIZ1899,Services,13,63.06,No,29.57,714.0,Tier 1,Postgraduate,1
BIZ1900,Food Processing,10,60.46,No,36.18,669.0,Tier 3,High School,0
BIZ1901,Food Processing,15,85.04,Yes,19.23,709.0,Tier 1,High School,1
BIZ1902,Manufacturing,13,66.26,Yes,5.53,499.0,Tier 3,Diploma,0
BIZ1903,Trading,9,12.42,Yes,23.44,675.0,Tier 2,Diploma,0
BIZ1904,Manufacturing,9,76.3,No,20.33,555.0,Tier 1,Postgraduate,0
BIZ1905,Food Processing,15,25.05,No,43.49,618.0,Tier 1,High School,0
BIZ1906,Textiles,10,40.4,No,12.96,693.0,Tier 3,Graduate,0
BIZ1907,Food Processing,10,56.26,Yes,48.37,657.0,Tier 1,Postgraduate,1
BIZ1908,Textiles,8,99.89,Yes,47.95,582.0,Tier 3,Diploma,0
BIZ1909,Retail,16,127.75,No,13.13,651.0,Tier 2,High School,0
BIZ1910,Food Processing,17,65.17,Yes,18.05,527.0,Tier 1,Diploma,1
BIZ1911,Retail,5,45.42,No,44.88,742.0,Tier 3,Diploma,0
BIZ1912,Trading,4,63.36,No,48.36,634.0,Tier 1,High School,0
BIZ1913,Manufacturing,18,72.19,No,22.73,739.0,Tier 3,Postgraduate,0
BIZ1914,Textiles,19,41.98,Yes,16.73,608.0,Tier 3,High School,0
BIZ1915,Manufacturing,4,94.88,Yes,26.78,608.0,Tier 3,Postgraduate,0
BIZ1916,Retail,7,55.75,Yes,34.7,589.0,Tier 2,Diploma,0
BIZ1917,Textiles,10,62.44,No,14.4,720.0,Tier 1,High School,0
BIZ1918,Manufacturing,18,66.65,No,37.09,593.0,Tier 2,Graduate,1
BIZ1919,Food Processing,19,60.54,Yes,3.53,702.0,Tier 3,Postgraduate,1
BIZ1920,Services,4,70.97,No,3.42,619.0,Tier 3,Graduate,0
BIZ1921,Retail,10,34.57,No,19.93,492.0,Tier 2,Postgraduate,0
BIZ1922,Manufacturing,1,36.04,Yes,18.32,604.0,Tier 2,High School,0
BIZ1923,Retail,18,22.5,No,16.47,556.0,Tier 1,Graduate,1
BIZ1924,Retail,5,60.99,No,25.06,653.0,Tier 3,High School,0
BIZ1925,Textiles,15,69.47,Yes,16.72,555.0,Tier 2,Postgraduate,0
BIZ1926,Textiles,17,61.44,No,10.42,724.0,Tier 3,Postgraduate,0
BIZ1927,Services,3,91.86,No,16.16,643.0,Tier 3,Postgraduate,1
BIZ1928,Food Processing,12,49.86,No,48.77,636.0,Tier 1,Postgraduate,0
BIZ1929,Retail,2,66.72,No,21.14,702.0,Tier 1,Diploma,0
BIZ1930,Manufacturing,1,22.71,No,22.79,727.0,Tier 1,Postgraduate,0
BIZ1931,Trading,17,40.32,No,29.25,648.0,Tier 2,Graduate,0
BIZ1932,Retail,16,67.39,No,49.18,588.0,Tier 3,Postgraduate,0
BIZ1933,Retail,5,71.23,No,12.84,508.0,Tier 2,High School,0
BIZ1934,Services,15,42.65,No,34.38,595.0,Tier 2,Diploma,0
BIZ1935,Food Processing,3,48.21,Yes,36.08,601.0,Tier 1,Graduate,0
BIZ1936,Trading,7,12.05,No,30.76,659.0,Tier 3,Diploma,0
BIZ1937,Textiles,11,41.07,No,5.34,622.0,Tier 3,Diploma,0
BIZ1938,Textiles,10,72.26,No,34.17,705.0,Tier 1,Diploma,0
BIZ1939,Manufacturing,9,64.38,No,4.14,601.0,Tier 3,High School,1
BIZ1940,Trading,14,62.52,Yes,30.21,645.0,Tier 1,Diploma,0
BIZ1941,Textiles,13,51.24,No,37.24,745.0,Tier 2,Diploma,0
BIZ1942,Manufacturing,2,50.18,Yes,11.34,677.0,Tier 2,Postgraduate,0
BIZ1943,Food Processing,3,33.49,No,42.24,645.0,Tier 1,High School,0
BIZ1944,Manufacturing,7,67.47,No,2.49,602.0,Tier 2,Graduate,0
BIZ1945,Textiles,18,60.52,No,42.35,599.0,Tier 2,Graduate,1
BIZ1946,Services,3,62.3,No,23.56,582.0,Tier 1,Graduate,0
BIZ1947,Services,10,36.85,No,11.66,607.0,Tier 2,High School,0
BIZ1948,Services,7,5.0,No,7.56,710.0,Tier 3,Graduate,0
BIZ1949,Textiles,9,77.43,No,47.71,632.0,Tier 2,High School,0
BIZ1950,Services,17,38.03,No,4.56,542.0,Tier 1,Postgraduate,1
BIZ1951,Trading,11,28.43,No,10.76,791.0,Tier 3,Postgraduate,0
BIZ1952,Food Processing,7,67.34,Yes,18.04,676.0,Tier 3,High School,0
BIZ1953,Manufacturing,14,40.2,Yes,31.39,537.0,Tier 2,Graduate,0
BIZ1954,Manufacturing,19,76.5,No,27.7,615.0,Tier 3,High School,0
BIZ1955,Textiles,4,65.43,No,7.16,659.0,Tier 1,High School,1
BIZ1956,Services,6,67.09,No,15.2,786.0,Tier 3,Diploma,1
BIZ1957,Services,10,15.85,Yes,12.7,561.0,Tier 2,High School,1
BIZ1958,Retail,7,80.3,No,11.46,728.0,Tier 2,Diploma,0
BIZ1959,Food Processing,13,56.53,No,21.15,762.0,Tier 3,Postgraduate,0
BIZ1960,Trading,14,40.77,Yes,35.5,600.0,Tier 1,Diploma,0
BIZ1961,Manufacturing,4,53.58,No,11.66,628.0,Tier 1,High School,0
BIZ1962,Retail,8,5.59,No,18.97,567.0,Tier 2,Postgraduate,0
BIZ1963,Retail,5,60.22,No,20.15,634.0,Tier 2,Diploma,0
BIZ1964,Textiles,1,24.27,No,48.85,647.0,Tier 1,High School,1
BIZ1965,Manufacturing,4,16.18,No,47.78,703.0,Tier 3,Postgraduate,0
BIZ1966,Textiles,3,11.94,Yes,40.21,737.0,Tier 3,Diploma,0
BIZ1967,Trading,9,77.82,No,12.84,590.0,Tier 3,High School,1
BIZ1968,Retail,8,34.27,No,4.33,493.0,Tier 3,High School,0
BIZ1969,Retail,1,88.34,No,16.53,648.0,Tier 1,Graduate,0
BIZ1970,Food Processing,6,36.6,No,14.07,673.0,Tier 2,Graduate,0
BIZ1971,Trading,9,7.32,No,25.79,670.0,Tier 2,Diploma,0
BIZ1972,Retail,7,22.09,No,39.11,624.0,Tier 3,Diploma,0
BIZ1973,Trading,4,80.9,Yes,43.06,660.0,Tier 1,Diploma,0
BIZ1974,Manufacturing,13,46.1,No,42.4,771.0,Tier 1,High School,0
BIZ1975,Services,17,36.29,No,18.62,681.0,Tier 3,Diploma,0
BIZ1976,Retail,2,54.0,No,34.67,620.0,Tier 3,High School,1
BIZ1977,Food Processing,5,62.54,No,16.33,610.0,Tier 3,Diploma,0
BIZ1978,Manufacturing,12,77.93,Yes,3.98,636.0,Tier 2,High School,0
BIZ1979,Trading,8,86.21,No,35.38,781.0,Tier 3,High School,0
BIZ1980,Textiles,6,41.01,No,1.48,635.0,Tier 2,Graduate,0
BIZ1981,Manufacturing,8,16.85,No,21.05,648.0,Tier 1,Postgraduate,0
BIZ1982,Retail,18,39.66,No,17.14,611.0,Tier 1,High School,0
BIZ1983,Trading,3,56.51,No,34.98,738.0,Tier 2,Diploma,0
BIZ1984,Services,12,25.91,Yes,38.55,807.0,Tier 2,Graduate,0
BIZ1985,Manufacturing,3,26.07,No,15.9,686.0,Tier 2,Diploma,1
BIZ1986,Retail,6,58.59,Yes,40.77,657.0,Tier 2,Diploma,0
BIZ1987,Food Processing,2,48.78,No,15.4,653.0,Tier 3,High School,0
BIZ1988,Textiles,12,50.82,Yes,22.87,459.0,Tier 1,High School,0
BIZ1989,Trading,2,31.04,Yes,36.62,710.0,Tier 3,Postgraduate,0
BIZ1990,Manufacturing,6,44.24,No,34.95,661.0,Tier 2,High School,0
BIZ1991,Manufacturing,17,26.89,No,49.38,684.0,Tier 3,High School,0
BIZ1992,Services,3,72.25,No,12.03,593.0,Tier 3,Postgraduate,1
BIZ1993,Services,2,75.88,No,33.45,619.0,Tier 1,Diploma,0
BIZ1994,Food Processing,8,5.0,No,30.87,617.0,Tier 3,Postgraduate,0
BIZ1995,Textiles,12,26.76,No,45.84,732.0,Tier 1,Postgraduate,0
BIZ1996,Food Processing,4,12.59,No,8.66,620.0,Tier 2,Postgraduate,1
BIZ1997,Retail,5,33.75,Yes,37.84,817.0,Tier 3,Graduate,0
BIZ1998,Retail,13,47.91,No,28.85,684.0,Tier 2,Diploma,1
BIZ1999,Food Processing,15,13.76,No,14.46,548.0,Tier 1,Graduate,0
BIZ2000,Textiles,16,26.95,No,24.25,640.0,Tier 2,Graduate,0
BIZ2001,Food Processing,10,24.9,Yes,17.36,598.0,Tier 2,High School,0
BIZ2002,Textiles,16,55.18,Yes,29.39,474.0,Tier 1,Postgraduate,1
BIZ2003,Textiles,12,51.73,Yes,44.56,778.0,Tier 2,Postgraduate,0
BIZ2004,Trading,17,31.96,No,28.9,706.0,Tier 2,Graduate,0
BIZ2005,Textiles,16,54.42,No,31.95,693.0,Tier 2,High School,0
BIZ2006,Services,12,36.33,Yes,26.42,663.0,Tier 3,High School,1
BIZ2007,Textiles,8,43.21,No,3.51,539.0,Tier 2,High School,0
BIZ2008,Textiles,3,91.84,No,12.41,611.0,Tier 1,Diploma,0
BIZ2009,Textiles,16,83.51,No,25.11,717.0,Tier 3,Graduate,0
BIZ2010,Retail,13,17.51,No,16.2,566.0,Tier 3,Diploma,1
BIZ2011,Services,19,70.74,Yes,9.91,447.0,Tier 1,High School,1
BIZ2012,Services,8,70.28,No,25.7,632.0,Tier 2,High School,0
BIZ2013,Food Processing,5,21.29,No,16.82,639.0,Tier 3,High School,0
BIZ2014,Trading,8,70.47,No,13.65,661.0,Tier 3,Postgraduate,0
BIZ2015,Textiles,12,88.45,No,23.74,708.0,Tier 3,Graduate,1
BIZ2016,Manufacturing,1,21.94,Yes,7.53,701.0,Tier 2,Postgraduate,0
BIZ2017,Trading,6,27.06,No,46.46,671.0,Tier 3,Diploma,0
BIZ2018,Trading,18,75.44,Yes,43.52,746.0,Tier 1,Postgraduate,0
BIZ2019,Services,8,56.79,No,35.67,528.0,Tier 2,Graduate,1
BIZ2020,Trading,7,63.79,No,6.2,690.0,Tier 1,Postgraduate,0
BIZ2021,Textiles,1,58.51,Yes,39.02,700.0,Tier 1,High School,0
BIZ2022,Textiles,16,59.77,No,40.59,551.0,Tier 3,Diploma,1
BIZ2023,Retail,12,16.84,Yes,38.62,530.0,Tier 3,Diploma,0
BIZ2024,Textiles,6,76.18,No,6.58,590.0,Tier 3,High School,0
BIZ2025,Textiles,2,79.24,No,32.55,597.0,Tier 1,High School,1
BIZ2026,Services,14,44.27,No,41.88,710.0,Tier 2,High School,1
BIZ2027,Textiles,4,48.91,No,29.29,601.0,Tier 3,Graduate,1
BIZ2028,Retail,1,11.72,No,32.67,581.0,Tier 3,Postgraduate,0
BIZ2029,Manufacturing,18,62.86,No,23.46,601.0,Tier 1,Diploma,0
BIZ2030,Services,13,64.3,No,26.91,739.0,Tier 2,Postgraduate,1
BIZ2031,Manufacturing,2,48.45,No,2.68,651.0,Tier 1,High School,0
BIZ2032,Services,9,78.11,Yes,32.31,636.0,Tier 3,High School,1
BIZ2033,Food Processing,2,41.65,No,4.99,641.0,Tier 1,Postgraduate,1
BIZ2034,Trading,9,64.12,Yes,22.32,753.0,Tier 3,Diploma,0
BIZ2035,Food Processing,1,24.51,No,15.34,590.0,Tier 2,Graduate,1
BIZ2036,Textiles,11,49.41,Yes,27.73,755.0,Tier 1,Postgraduate,1
BIZ2037,Manufacturing,3,45.64,Yes,7.54,667.0,Tier 3,High School,0
BIZ2038,Textiles,4,55.63,No,34.89,637.0,Tier 3,High School,0
BIZ2039,Trading,18,40.76,No,39.96,850.0,Tier 3,Graduate,0
BIZ2040,Services,6,46.71,No,9.0,566.0,Tier 3,Postgraduate,0
BIZ2041,Trading,3,70.65,Yes,6.11,622.0,Tier 1,Graduate,0
BIZ2042,Retail,11,39.08,No,8.13,551.0,Tier 3,Graduate,0
BIZ2043,Trading,15,9.84,No,43.98,726.0,Tier 1,Diploma,1
BIZ2044,Retail,5,93.74,No,26.88,785.0,Tier 3,Diploma,1
BIZ2045,Trading,10,84.54,Yes,23.9,784.0,Tier 1,High School,0
BIZ2046,Retail,12,17.69,No,6.23,748.0,Tier 1,Postgraduate,0
BIZ2047,Manufacturing,15,67.24,Yes,32.83,634.0,Tier 3,Diploma,0
BIZ2048,Textiles,17,37.43,No,43.53,621.0,Tier 3,High School,1
BIZ2049,Textiles,10,56.59,No,41.58,516.0,Tier 3,Postgraduate,0
BIZ2050,Food Processing,6,57.36,No,31.68,813.0,Tier 3,High School,0
BIZ2051,Textiles,18,44.14,No,4.69,688.0,Tier 2,Diploma,1
BIZ2052,Services,13,30.41,No,6.51,611.0,Tier 3,High School,0
BIZ2053,Trading,3,32.74,No,3.42,756.0,Tier 3,Postgraduate,1
BIZ2054,Food Processing,10,27.1,No,13.62,572.0,Tier 3,Postgraduate,1
BIZ2055,Services,14,29.2,No,7.65,683.0,Tier 1,High School,1
BIZ2056,Services,6,48.32,No,13.74,636.0,Tier 3,Postgraduate,0
BIZ2057,Retail,3,32.11,No,19.87,701.0,Tier 1,High School,0
BIZ2058,Textiles,16,67.05,No,47.21,645.0,Tier 1,Postgraduate,1
BIZ2059,Manufacturing,7,87.18,No,30.91,534.0,Tier 1,High School,0
BIZ2060,Manufacturing,14,35.5,No,41.91,656.0,Tier 1,High School,0
BIZ2061,Food Processing,9,55.99,No,35.81,734.0,Tier 2,High School,0
BIZ2062,Manufacturing,15,62.49,Yes,6.51,648.0,Tier 3,Graduate,0
BIZ2063,Trading,3,61.8,No,37.06,712.0,Tier 1,Postgraduate,0
BIZ2064,Manufacturing,2,51.9,No,14.48,566.0,Tier 3,Diploma,0
BIZ2065,Food Processing,2,68.57,Yes,32.32,648.0,Tier 1,High School,0
BIZ2066,Manufacturing,3,62.06,Yes,17.71,600.0,Tier 2,Graduate,0
BIZ2067,Trading,18,19.06,No,49.89,710.0,Tier 1,Diploma,0
BIZ2068,Retail,14,71.73,No,13.91,653.0,Tier 3,High School,0
BIZ2069,Food Processing,18,72.18,No,14.68,705.0,Tier 3,Diploma,0
BIZ2070,Retail,10,30.92,Yes,46.6,737.0,Tier 2,Graduate,0
BIZ2071,Retail,2,50.95,No,2.21,705.0,Tier 3,Diploma,0
BIZ2072,Retail,1,67.08,Yes,35.14,672.0,Tier 3,High School,0
BIZ2073,Services,4,44.77,No,36.54,570.0,Tier 1,Diploma,0
BIZ2074,Textiles,14,76.82,Yes,41.98,650.0,Tier 3,Diploma,0
BIZ2075,Services,1,109.1,Yes,48.75,607.0,Tier 1,High School,0
BIZ2076,Textiles,14,30.35,Yes,48.8,622.0,Tier 2,Graduate,0
BIZ2077,Retail,16,15.47,No,4.2,620.0,Tier 3,Graduate,0
BIZ2078,Food Processing,14,57.6,Yes,41.27,572.0,Tier 1,Diploma,0
BIZ2079,Textiles,3,68.04,No,32.67,493.0,Tier 3,Postgraduate,1
BIZ2080,Trading,3,44.23,No,32.72,597.0,Tier 1,Diploma,0
BIZ2081,Trading,9,86.33,No,7.29,665.0,Tier 2,Postgraduate,1
BIZ2082,Manufacturing,6,16.53,No,32.86,542.0,Tier 1,Diploma,0
BIZ2083,Textiles,13,67.32,No,49.14,651.0,Tier 3,Graduate,0
BIZ2084,Food Processing,2,34.85,Yes,45.68,802.0,Tier 1,Diploma,0
BIZ2085,Services,8,92.98,No,22.52,732.0,Tier 3,Diploma,0
BIZ2086,Retail,2,99.81,Yes,2.96,781.0,Tier 2,Postgraduate,0
BIZ2087,Manufacturing,4,30.83,Yes,18.75,681.0,Tier 1,Graduate,0
BIZ2088,Trading,15,36.26,No,41.49,743.0,Tier 3,Postgraduate,0
BIZ2089,Services,4,71.49,No,35.37,592.0,Tier 3,Diploma,0
BIZ2090,Services,13,40.32,No,23.51,598.0,Tier 3,High School,1
BIZ2091,Retail,12,48.86,No,3.7,431.0,Tier 1,Diploma,0
BIZ2092,Textiles,13,50.63,No,21.92,745.0,Tier 1,Diploma,1
BIZ2093,Trading,14,5.0,Yes,23.98,773.0,Tier 1,Postgraduate,0
BIZ2094,Food Processing,18,49.65,Yes,46.5,606.0,Tier 2,High School,0
BIZ2095,Services,6,32.76,Yes,32.41,630.0,Tier 3,High School,0
BIZ2096,Retail,11,37.67,Yes,16.27,590.0,Tier 3,Postgraduate,0
BIZ2097,Food Processing,2,86.09,No,26.74,681.0,Tier 2,Graduate,0
BIZ2098,Textiles,19,18.59,No,4.24,740.0,Tier 2,High School,0
BIZ2099,Trading,19,70.33,Yes,48.66,511.0,Tier 1,High School,0
BIZ2100,Textiles,5,43.03,No,18.64,683.0,Tier 1,Postgraduate,1
BIZ2101,Services,19,43.01,No,24.42,628.0,Tier 1,Graduate,0
BIZ2102,Food Processing,2,69.76,Yes,18.41,659.0,Tier 1,Graduate,1
BIZ2103,Food Processing,10,58.5,Yes,34.44,687.0,Tier 1,Diploma,1
BIZ2104,Food Processing,2,64.27,Yes,33.45,635.0,Tier 1,Diploma,1
BIZ2105,Services,11,74.2,Yes,36.05,642.0,Tier 2,Postgraduate,0
BIZ2106,Services,18,41.72,Yes,14.14,633.0,Tier 2,Graduate,0
BIZ2107,Textiles,15,34.69,No,16.47,728.0,Tier 2,Postgraduate,0
BIZ2108,Manufacturing,9,22.87,Yes,7.14,684.0,Tier 3,Diploma,0
BIZ2109,Textiles,19,29.36,No,33.12,668.0,Tier 3,Postgraduate,0
BIZ2110,Trading,9,123.73,No,2.95,548.0,Tier 1,Postgraduate,0
BIZ2111,Retail,3,81.12,No,30.29,620.0,Tier 2,High School,0
BIZ2112,Food Processing,9,16.22,No,43.62,722.0,Tier 3,High School,0
BIZ2113,Manufacturing,14,16.94,Yes,44.65,653.0,Tier 3,High School,0
BIZ2114,Retail,19,62.05,No,23.0,703.0,Tier 2,Diploma,0
BIZ2115,Manufacturing,7,63.68,No,23.51,791.0,Tier 3,Postgraduate,0
BIZ2116,Textiles,16,63.72,Yes,4.77,733.0,Tier 3,High School,1
BIZ2117,Services,16,43.63,Yes,33.87,657.0,Tier 2,High School,0
BIZ2118,Food Processing,1,46.86,No,41.24,609.0,Tier 3,High School,0
BIZ2119,Textiles,4,58.2,No,12.99,446.0,Tier 2,Diploma,1
BIZ2120,Retail,4,52.15,No,21.64,637.0,Tier 3,Diploma,0
BIZ2121,Retail,7,5.0,No,42.1,624.0,Tier 2,Postgraduate,0
BIZ2122,Retail,8,44.26,No,43.98,681.0,Tier 3,Postgraduate,0
BIZ2123,Retail,17,28.71,Yes,12.92,638.0,Tier 3,Postgraduate,0
BIZ2124,Retail,5,54.38,No,27.98,624.0,Tier 2,High School,0
BIZ2125,Manufacturing,7,124.63,Yes,10.43,508.0,Tier 3,Graduate,0
BIZ2126,Textiles,4,59.19,Yes,5.99,575.0,Tier 2,Diploma,0
BIZ2127,Food Processing,6,42.16,No,45.64,688.0,Tier 2,High School,0
BIZ2128,Services,7,73.05,No,41.2,787.0,Tier 3,High School,1
BIZ2129,Services,18,62.07,No,38.24,642.0,Tier 1,Postgraduate,0
BIZ2130,Textiles,5,60.5,No,3.39,676.0,Tier 3,Postgraduate,1
BIZ2131,Textiles,3,65.17,No,42.34,726.0,Tier 1,High School,0
BIZ2132,Services,7,101.41,Yes,22.46,585.0,Tier 1,Diploma,0
BIZ2133,Services,14,21.73,Yes,17.78,679.0,Tier 3,Diploma,0
BIZ2134,Manufacturing,7,61.84,Yes,27.78,591.0,Tier 1,High School,0
BIZ2135,Trading,5,26.84,No,5.48,719.0,Tier 2,Graduate,0
BIZ2136,Food Processing,5,63.89,No,38.08,662.0,Tier 2,Graduate,1
BIZ2137,Retail,2,27.03,No,29.54,674.0,Tier 1,Diploma,0
BIZ2138,Trading,6,39.57,No,10.14,587.0,Tier 2,Postgraduate,0
BIZ2139,Textiles,15,42.62,No,10.22,707.0,Tier 3,Graduate,0
BIZ2140,Services,10,74.4,Yes,10.03,817.0,Tier 2,Graduate,1
BIZ2141,Trading,7,72.96,Yes,3.79,569.0,Tier 1,Postgraduate,0
BIZ2142,Food Processing,5,18.86,No,29.8,623.0,Tier 3,Graduate,0
BIZ2143,Textiles,1,51.37,No,42.18,669.0,Tier 2,High School,0
BIZ2144,Retail,13,32.26,No,1.86,713.0,Tier 3,Graduate,0
BIZ2145,Retail,18,18.54,Yes,3.4,605.0,Tier 1,Postgraduate,1
BIZ2146,Food Processing,13,44.57,No,29.07,423.0,Tier 2,High School,1
BIZ2147,Food Processing,18,42.29,No,41.16,759.0,Tier 3,Graduate,0
BIZ2148,Services,5,110.67,Yes,17.01,711.0,Tier 3,Diploma,0
BIZ2149,Retail,13,60.82,No,18.13,511.0,Tier 2,High School,1
BIZ2150,Textiles,4,15.56,No,30.22,601.0,Tier 3,High School,0
BIZ2151,Trading,17,35.88,No,14.44,775.0,Tier 3,Diploma,1
BIZ2152,Textiles,3,75.53,Yes,2.3,766.0,Tier 1,Diploma,0
BIZ2153,Manufacturing,17,102.21,No,37.03,725.0,Tier 1,Graduate,0
BIZ2154,Manufacturing,11,10.35,No,31.66,636.0,Tier 1,Graduate,0
BIZ2155,Food Processing,4,5.0,No,29.46,657.0,Tier 1,Postgraduate,0
BIZ2156,Services,2,96.77,No,37.34,640.0,Tier 1,Postgraduate,1
BIZ2157,Manufacturing,16,59.74,No,34.09,740.0,Tier 1,High School,0
BIZ2158,Retail,18,28.29,No,11.09,580.0,Tier 2,Diploma,0
BIZ2159,Textiles,8,63.37,No,18.27,586.0,Tier 1,Diploma,0
BIZ2160,Textiles,3,5.0,No,7.18,731.0,Tier 3,Postgraduate,0
BIZ2161,Food Processing,9,50.08,Yes,7.36,646.0,Tier 2,High School,0
BIZ2162,Trading,6,58.2,No,34.13,760.0,Tier 3,High School,1
BIZ2163,Food Processing,10,73.11,Yes,43.07,596.0,Tier 1,Postgraduate,0
BIZ2164,Trading,10,24.65,No,48.17,646.0,Tier 1,Postgraduate,1
BIZ2165,Food Processing,13,52.14,No,31.79,576.0,Tier 3,Postgraduate,0
BIZ2166,Food Processing,17,26.86,No,10.02,651.0,Tier 3,Graduate,0
BIZ2167,Food Processing,9,56.38,No,6.18,532.0,Tier 3,High School,1
BIZ2168,Trading,17,27.62,No,40.83,611.0,Tier 2,High School,0
BIZ2169,Trading,9,39.8,Yes,29.36,535.0,Tier 1,High School,0
BIZ2170,Food Processing,9,25.1,No,31.3,706.0,Tier 3,Postgraduate,0
BIZ2171,Manufacturing,1,66.28,No,39.29,707.0,Tier 1,Postgraduate,0
BIZ2172,Services,2,71.46,Yes,35.46,512.0,Tier 3,Postgraduate,0
BIZ2173,Services,16,44.13,Yes,41.89,757.0,Tier 1,Postgraduate,0
BIZ2174,Services,1,50.96,No,3.75,850.0,Tier 2,Diploma,0
BIZ2175,Trading,10,13.79,No,37.63,654.0,Tier 1,Postgraduate,0
BIZ2176,Trading,18,42.51,No,42.69,599.0,Tier 3,Graduate,0
BIZ2177,Manufacturing,8,48.74,No,15.02,876.0,Tier 1,Diploma,1
BIZ2178,Services,11,115.52,Yes,32.38,544.0,Tier 2,Diploma,0
BIZ2179,Services,2,22.2,No,16.39,652.0,Tier 2,Postgraduate,0
BIZ2180,Food Processing,8,86.6,No,47.94,664.0,Tier 1,High School,0
BIZ2181,Trading,8,74.92,No,2.64,758.0,Tier 3,Postgraduate,0
BIZ2182,Services,17,57.02,No,29.41,679.0,Tier 2,High School,0
BIZ2183,Textiles,15,93.97,No,9.16,610.0,Tier 2,Postgraduate,0
BIZ2184,Manufacturing,17,59.3,No,35.9,574.0,Tier 1,Postgraduate,0
BIZ2185,Textiles,13,59.73,No,9.62,623.0,Tier 2,High School,0
BIZ2186,Textiles,19,48.67,Yes,12.53,569.0,Tier 2,High School,0
BIZ2187,Manufacturing,5,80.59,No,25.22,654.0,Tier 3,High School,1
BIZ2188,Textiles,12,77.41,No,45.83,605.0,Tier 3,High School,0
BIZ2189,Services,1,34.36,No,11.37,530.0,Tier 3,Graduate,0
BIZ2190,Trading,5,17.02,Yes,8.07,750.0,Tier 1,High School,0
BIZ2191,Manufacturing,8,44.93,No,38.19,610.0,Tier 2,Postgraduate,0
BIZ2192,Food Processing,13,30.0,Yes,25.53,549.0,Tier 1,Postgraduate,1
BIZ2193,Textiles,8,48.41,No,45.68,637.0,Tier 2,Graduate,1
BIZ2194,Manufacturing,11,80.94,No,8.18,655.0,Tier 2,High School,0
BIZ2195,Retail,1,38.57,No,32.65,510.0,Tier 2,Postgraduate,0
BIZ2196,Retail,13,48.93,Yes,12.41,677.0,Tier 3,Graduate,0
BIZ2197,Trading,19,51.45,No,8.68,566.0,Tier 1,Postgraduate,1
BIZ2198,Services,3,71.21,No,34.49,787.0,Tier 1,Graduate,1
BIZ2199,Trading,17,5.0,No,30.09,692.0,Tier 2,Graduate,0
